country;year;pop;continent;lifeExp;gdpPercap;one-sided violence;non-state conflict;extrasystemic;intrastate;interstate
Afghanistan;1952;8.425.333;Asia;28.8;779.45;;;;;
Afghanistan;1957;9.240.934;Asia;30.3;820.85;;;;;
Afghanistan;1962;10.267.083;Asia;32.0;853.1;;;;;
Afghanistan;1967;11.537.966;Asia;34.0;836.2;;;;;
Afghanistan;1972;13.079.460;Asia;36.1;739.98;;;;;
Afghanistan;1977;14.880.372;Asia;38.4;786.11;;;;;
Afghanistan;1982;12.881.816;Asia;39.9;978.01;;;;;
Afghanistan;1987;13.867.957;Asia;40.8;852.4;;;;;
Afghanistan;1992;16.317.921;Asia;41.7;649.34;0.0;614.0;0.0;14230.0;0.0
Afghanistan;1997;22.227.415;Asia;41.8;635.34;395.0;580.0;0.0;28080.0;0.0
Afghanistan;2002;25.268.405;Asia;42.1;726.73;6887.0;347.0;0.0;20668.0;1397.0
Afghanistan;2007;31.889.923;Asia;43.8;974.58;477.0;320.0;0.0;14656.0;0.0
Albania;1952;1.282.697;Europe;55.2;1601.06;;;;;
Albania;1957;1.476.505;Europe;59.3;1942.28;;;;;
Albania;1962;1.728.137;Europe;64.8;2312.89;;;;;
Albania;1967;1.984.060;Europe;66.2;2760.2;;;;;
Albania;1972;2.263.554;Europe;67.7;3313.42;;;;;
Albania;1977;2.509.048;Europe;68.9;3533.0;;;;;
Albania;1982;2.780.097;Europe;70.4;3630.88;;;;;
Albania;1987;3.075.321;Europe;72.0;3738.93;;;;;
Albania;1992;3.326.498;Europe;71.6;2497.44;0.0;0.0;0.0;0.0;0.0
Albania;1997;3.428.038;Europe;73.0;3193.05;0.0;0.0;0.0;0.0;0.0
Albania;2002;3.508.512;Europe;75.7;4604.21;0.0;0.0;0.0;26.0;0.0
Albania;2007;3.600.523;Europe;76.4;5937.03;0.0;0.0;0.0;0.0;0.0
Algeria;1952;9.279.525;Africa;43.1;2449.01;;;;;
Algeria;1957;10.270.856;Africa;45.7;3013.98;;;;;
Algeria;1962;11.000.948;Africa;48.3;2550.82;;;;;
Algeria;1967;12.760.499;Africa;51.4;3246.99;;;;;
Algeria;1972;14.760.787;Africa;54.5;4182.66;;;;;
Algeria;1977;17.152.804;Africa;58.0;4910.42;;;;;
Algeria;1982;20.033.753;Africa;61.4;5745.16;;;;;
Algeria;1987;23.254.956;Africa;65.8;5681.36;;;;;
Algeria;1992;26.298.373;Africa;67.7;5023.22;0.0;0.0;0.0;291.0;0.0
Algeria;1997;29.072.015;Africa;69.2;4797.3;381.0;301.0;0.0;8187.0;0.0
Algeria;2002;31.287.142;Africa;71.0;5288.04;1020.0;143.0;0.0;6188.0;0.0
Algeria;2007;33.333.216;Africa;72.3;6223.37;181.0;0.0;0.0;2011.0;0.0
Angola;1952;4.232.095;Africa;30.0;3520.61;;;;;
Angola;1957;4.561.361;Africa;32.0;3827.94;;;;;
Angola;1962;4.826.015;Africa;34.0;4269.28;;;;;
Angola;1967;5.247.469;Africa;36.0;5522.78;;;;;
Angola;1972;5.894.858;Africa;37.9;5473.29;;;;;
Angola;1977;6.162.675;Africa;39.5;3008.65;;;;;
Angola;1982;7.016.384;Africa;39.9;2756.95;;;;;
Angola;1987;7.874.230;Africa;39.9;2430.21;;;;;
Angola;1992;8.735.988;Africa;40.6;2627.85;114.0;0.0;0.0;8230.0;0.0
Angola;1997;9.875.024;Africa;41.0;2277.14;448.0;0.0;0.0;16295.0;0.0
Angola;2002;10.866.106;Africa;41.0;2773.29;1833.0;0.0;0.0;5927.0;0.0
Angola;2007;12.420.476;Africa;42.7;4797.23;18.0;0.0;0.0;75.0;0.0
Argentina;1952;17.876.956;Americas;62.5;5911.32;;;;;
Argentina;1957;19.610.538;Americas;64.4;6856.86;;;;;
Argentina;1962;21.283.783;Americas;65.1;7133.17;;;;;
Argentina;1967;22.934.225;Americas;65.6;8052.95;;;;;
Argentina;1972;24.779.799;Americas;67.1;9443.04;;;;;
Argentina;1977;26.983.828;Americas;68.5;10079.03;;;;;
Argentina;1982;29.341.374;Americas;69.9;8997.9;;;;;
Argentina;1987;31.620.918;Americas;70.8;9139.67;;;;;
Argentina;1992;33.958.947;Americas;71.9;9308.42;0.0;0.0;0.0;0.0;0.0
Argentina;1997;36.203.463;Americas;73.3;10967.28;86.0;0.0;0.0;0.0;0.0
Argentina;2002;38.331.121;Americas;74.3;8797.64;0.0;0.0;0.0;0.0;0.0
Argentina;2007;40.301.927;Americas;75.3;12779.38;0.0;0.0;0.0;0.0;0.0
Australia;1952;8.691.212;Oceania;69.1;10039.6;;;;;
Australia;1957;9.712.569;Oceania;70.3;10949.65;;;;;
Australia;1962;10.794.968;Oceania;70.9;12217.23;;;;;
Australia;1967;11.872.264;Oceania;71.1;14526.12;;;;;
Australia;1972;13.177.000;Oceania;71.9;16788.63;;;;;
Australia;1977;14.074.100;Oceania;73.5;18334.2;;;;;
Australia;1982;15.184.200;Oceania;74.7;19477.01;;;;;
Australia;1987;16.257.249;Oceania;76.3;21888.89;;;;;
Australia;1992;17.481.977;Oceania;77.6;23424.77;0.0;0.0;0.0;0.0;0.0
Australia;1997;18.565.243;Oceania;78.8;26997.94;0.0;0.0;0.0;0.0;0.0
Australia;2002;19.546.792;Oceania;80.4;30687.75;0.0;0.0;0.0;0.0;0.0
Australia;2007;20.434.176;Oceania;81.2;34435.37;0.0;0.0;0.0;0.0;0.0
Austria;1952;6.927.772;Europe;66.8;6137.08;;;;;
Austria;1957;6.965.860;Europe;67.5;8842.6;;;;;
Austria;1962;7.129.864;Europe;69.5;10750.72;;;;;
Austria;1967;7.376.998;Europe;70.1;12834.6;;;;;
Austria;1972;7.544.201;Europe;70.6;16661.63;;;;;
Austria;1977;7.568.430;Europe;72.2;19749.42;;;;;
Austria;1982;7.574.613;Europe;73.2;21597.08;;;;;
Austria;1987;7.578.903;Europe;74.9;23687.83;;;;;
Austria;1992;7.914.969;Europe;76.0;27042.02;0.0;0.0;0.0;0.0;0.0
Austria;1997;8.069.876;Europe;77.5;29095.92;0.0;0.0;0.0;0.0;0.0
Austria;2002;8.148.312;Europe;79.0;32417.61;0.0;0.0;0.0;0.0;0.0
Austria;2007;8.199.783;Europe;79.8;36126.49;0.0;0.0;0.0;0.0;0.0
Bahrain;1952;120.447;Asia;50.9;9867.08;;;;;
Bahrain;1957;138.655;Asia;53.8;11635.8;;;;;
Bahrain;1962;171.863;Asia;56.9;12753.28;;;;;
Bahrain;1967;202.182;Asia;59.9;14804.67;;;;;
Bahrain;1972;230.800;Asia;63.3;18268.66;;;;;
Bahrain;1977;297.410;Asia;65.6;19340.1;;;;;
Bahrain;1982;377.967;Asia;69.1;19211.15;;;;;
Bahrain;1987;454.612;Asia;70.8;18524.02;;;;;
Bahrain;1992;529.491;Asia;72.6;19035.58;0.0;0.0;0.0;0.0;0.0
Bahrain;1997;598.561;Asia;73.9;20292.02;0.0;0.0;0.0;0.0;0.0
Bahrain;2002;656.397;Asia;74.8;23403.56;0.0;0.0;0.0;0.0;0.0
Bahrain;2007;708.573;Asia;75.6;29796.05;0.0;0.0;0.0;0.0;0.0
Bangladesh;1952;46.886.859;Asia;37.5;684.24;;;;;
Bangladesh;1957;51.365.468;Asia;39.3;661.64;;;;;
Bangladesh;1962;56.839.289;Asia;41.2;686.34;;;;;
Bangladesh;1967;62.821.884;Asia;43.5;721.19;;;;;
Bangladesh;1972;70.759.295;Asia;45.3;630.23;;;;;
Bangladesh;1977;80.428.306;Asia;46.9;659.88;;;;;
Bangladesh;1982;93.074.406;Asia;50.0;676.98;;;;;
Bangladesh;1987;103.764.241;Asia;52.8;751.98;;;;;
Bangladesh;1992;113.704.579;Asia;56.0;837.81;422.0;0.0;0.0;96.0;0.0
Bangladesh;1997;123.315.288;Asia;59.4;972.77;57.0;27.0;0.0;0.0;0.0
Bangladesh;2002;135.656.790;Asia;62.0;1136.39;7.0;130.0;0.0;0.0;0.0
Bangladesh;2007;150.448.339;Asia;64.1;1391.25;97.0;0.0;0.0;119.0;0.0
Belgium;1952;8.730.405;Europe;68.0;8343.11;;;;;
Belgium;1957;8.989.111;Europe;69.2;9714.96;;;;;
Belgium;1962;9.218.400;Europe;70.2;10991.21;;;;;
Belgium;1967;9.556.500;Europe;70.9;13149.04;;;;;
Belgium;1972;9.709.100;Europe;71.4;16672.14;;;;;
Belgium;1977;9.821.800;Europe;72.8;19117.97;;;;;
Belgium;1982;9.856.303;Europe;73.9;20979.85;;;;;
Belgium;1987;9.870.200;Europe;75.4;22525.56;;;;;
Belgium;1992;10.045.622;Europe;76.5;25575.57;0.0;0.0;0.0;0.0;0.0
Belgium;1997;10.199.787;Europe;77.5;27561.2;0.0;0.0;0.0;0.0;0.0
Belgium;2002;10.311.970;Europe;78.3;30485.88;0.0;0.0;0.0;0.0;0.0
Belgium;2007;10.392.226;Europe;79.4;33692.61;0.0;0.0;0.0;0.0;0.0
Benin;1952;1.738.315;Africa;38.2;1062.75;;;;;
Benin;1957;1.925.173;Africa;40.4;959.6;;;;;
Benin;1962;2.151.895;Africa;42.6;949.5;;;;;
Benin;1967;2.427.334;Africa;44.9;1035.83;;;;;
Benin;1972;2.761.407;Africa;47.0;1085.8;;;;;
Benin;1977;3.168.267;Africa;49.2;1029.16;;;;;
Benin;1982;3.641.603;Africa;50.9;1277.9;;;;;
Benin;1987;4.243.788;Africa;52.3;1225.86;;;;;
Benin;1992;4.981.671;Africa;53.9;1191.21;0.0;0.0;0.0;0.0;0.0
Benin;1997;6.066.080;Africa;54.8;1232.98;0.0;0.0;0.0;0.0;0.0
Benin;2002;7.026.113;Africa;54.4;1372.88;0.0;0.0;0.0;0.0;0.0
Benin;2007;8.078.314;Africa;56.7;1441.28;0.0;0.0;0.0;0.0;0.0
Bolivia;1952;2.883.315;Americas;40.4;2677.33;;;;;
Bolivia;1957;3.211.738;Americas;41.9;2127.69;;;;;
Bolivia;1962;3.593.918;Americas;43.4;2180.97;;;;;
Bolivia;1967;4.040.665;Americas;45.0;2586.89;;;;;
Bolivia;1972;4.565.872;Americas;46.7;2980.33;;;;;
Bolivia;1977;5.079.716;Americas;50.0;3548.1;;;;;
Bolivia;1982;5.642.224;Americas;53.9;3156.51;;;;;
Bolivia;1987;6.156.369;Americas;57.3;2753.69;;;;;
Bolivia;1992;6.893.451;Americas;60.0;2961.7;0.0;0.0;0.0;0.0;0.0
Bolivia;1997;7.693.188;Americas;62.0;3326.14;0.0;0.0;0.0;0.0;0.0
Bolivia;2002;8.445.134;Americas;63.9;3413.26;0.0;50.0;0.0;0.0;0.0
Bolivia;2007;9.119.152;Americas;65.6;3822.14;0.0;0.0;0.0;0.0;0.0
Bosnia and Herzegovina;1952;2.791.000;Europe;53.8;973.53;;;;;
Bosnia and Herzegovina;1957;3.076.000;Europe;58.4;1353.99;;;;;
Bosnia and Herzegovina;1962;3.349.000;Europe;61.9;1709.68;;;;;
Bosnia and Herzegovina;1967;3.585.000;Europe;64.8;2172.35;;;;;
Bosnia and Herzegovina;1972;3.819.000;Europe;67.4;2860.17;;;;;
Bosnia and Herzegovina;1977;4.086.000;Europe;69.9;3528.48;;;;;
Bosnia and Herzegovina;1982;4.172.693;Europe;70.7;4126.61;;;;;
Bosnia and Herzegovina;1987;4.338.977;Europe;71.1;4314.11;;;;;
Bosnia and Herzegovina;1992;4.256.013;Europe;72.2;2546.78;4477.0;1578.0;0.0;20840.0;0.0
Bosnia and Herzegovina;1997;3.607.000;Europe;73.2;4766.36;9232.0;0.0;0.0;29107.0;0.0
Bosnia and Herzegovina;2002;4.165.416;Europe;74.1;6018.98;0.0;0.0;0.0;0.0;0.0
Bosnia and Herzegovina;2007;4.552.198;Europe;74.9;7446.3;0.0;0.0;0.0;0.0;0.0
Botswana;1952;442.308;Africa;47.6;851.24;;;;;
Botswana;1957;474.639;Africa;49.6;918.23;;;;;
Botswana;1962;512.764;Africa;51.5;983.65;;;;;
Botswana;1967;553.541;Africa;53.3;1214.71;;;;;
Botswana;1972;619.351;Africa;56.0;2263.61;;;;;
Botswana;1977;781.472;Africa;59.3;3214.86;;;;;
Botswana;1982;970.347;Africa;61.5;4551.14;;;;;
Botswana;1987;1.151.184;Africa;63.6;6205.88;;;;;
Botswana;1992;1.342.614;Africa;62.7;7954.11;1.0;0.0;0.0;0.0;0.0
Botswana;1997;1.536.536;Africa;52.6;8647.14;0.0;0.0;0.0;0.0;0.0
Botswana;2002;1.630.347;Africa;46.6;11003.61;0.0;0.0;0.0;0.0;0.0
Botswana;2007;1.639.131;Africa;50.7;12569.85;0.0;0.0;0.0;0.0;0.0
Brazil;1952;56.602.560;Americas;50.9;2108.94;;;;;
Brazil;1957;65.551.171;Americas;53.3;2487.37;;;;;
Brazil;1962;76.039.390;Americas;55.7;3336.59;;;;;
Brazil;1967;88.049.823;Americas;57.6;3429.86;;;;;
Brazil;1972;100.840.058;Americas;59.5;4985.71;;;;;
Brazil;1977;114.313.951;Americas;61.5;6660.12;;;;;
Brazil;1982;128.962.939;Americas;63.3;7030.84;;;;;
Brazil;1987;142.938.076;Americas;65.2;7807.1;;;;;
Brazil;1992;155.975.974;Americas;67.1;6950.28;0.0;0.0;0.0;0.0;0.0
Brazil;1997;168.546.719;Americas;69.4;7957.98;29.0;102.0;0.0;0.0;0.0
Brazil;2002;179.914.212;Americas;71.0;8131.21;28.0;183.0;0.0;0.0;0.0
Brazil;2007;190.010.647;Americas;72.4;9065.8;34.0;120.0;0.0;0.0;0.0
Bulgaria;1952;7.274.900;Europe;59.6;2444.29;;;;;
Bulgaria;1957;7.651.254;Europe;66.6;3008.67;;;;;
Bulgaria;1962;8.012.946;Europe;69.5;4254.34;;;;;
Bulgaria;1967;8.310.226;Europe;70.4;5577.0;;;;;
Bulgaria;1972;8.576.200;Europe;70.9;6597.49;;;;;
Bulgaria;1977;8.797.022;Europe;70.8;7612.24;;;;;
Bulgaria;1982;8.892.098;Europe;71.1;8224.19;;;;;
Bulgaria;1987;8.971.958;Europe;71.3;8239.85;;;;;
Bulgaria;1992;8.658.506;Europe;71.2;6302.62;0.0;0.0;0.0;0.0;0.0
Bulgaria;1997;8.066.057;Europe;70.3;5970.39;0.0;0.0;0.0;0.0;0.0
Bulgaria;2002;7.661.799;Europe;72.1;7696.78;0.0;0.0;0.0;0.0;0.0
Bulgaria;2007;7.322.858;Europe;73.0;10680.79;0.0;0.0;0.0;0.0;0.0
Burkina Faso;1952;4.469.979;Africa;32.0;543.26;;;;;
Burkina Faso;1957;4.713.416;Africa;34.9;617.18;;;;;
Burkina Faso;1962;4.919.632;Africa;37.8;722.51;;;;;
Burkina Faso;1967;5.127.935;Africa;40.7;794.83;;;;;
Burkina Faso;1972;5.433.886;Africa;43.6;854.74;;;;;
Burkina Faso;1977;5.889.574;Africa;46.1;743.39;;;;;
Burkina Faso;1982;6.634.596;Africa;48.1;807.2;;;;;
Burkina Faso;1987;7.586.551;Africa;49.6;912.06;;;;;
Burkina Faso;1992;8.878.303;Africa;50.3;931.75;0.0;0.0;0.0;0.0;0.0
Burkina Faso;1997;10.352.843;Africa;50.3;946.29;0.0;0.0;0.0;0.0;0.0
Burkina Faso;2002;12.251.209;Africa;50.6;1037.65;0.0;0.0;0.0;0.0;0.0
Burkina Faso;2007;14.326.203;Africa;52.3;1217.03;0.0;0.0;0.0;0.0;0.0
Burundi;1952;2.445.618;Africa;39.0;339.3;;;;;
Burundi;1957;2.667.518;Africa;40.5;379.56;;;;;
Burundi;1962;2.961.915;Africa;42.0;355.2;;;;;
Burundi;1967;3.330.989;Africa;43.5;412.98;;;;;
Burundi;1972;3.529.983;Africa;44.1;464.1;;;;;
Burundi;1977;3.834.415;Africa;45.9;556.1;;;;;
Burundi;1982;4.580.410;Africa;47.5;559.6;;;;;
Burundi;1987;5.126.023;Africa;48.2;621.82;;;;;
Burundi;1992;5.809.236;Africa;44.7;631.7;70.0;0.0;0.0;333.0;0.0
Burundi;1997;6.121.610;Africa;45.3;463.12;28677.0;5279.0;0.0;2584.0;0.0
Burundi;2002;7.021.078;Africa;47.4;446.4;3840.0;100.0;0.0;5729.0;0.0
Burundi;2007;8.390.505;Africa;49.6;430.07;820.0;174.0;0.0;1784.0;0.0
Cambodia;1952;4.693.836;Asia;39.4;368.47;;;;;
Cambodia;1957;5.322.536;Asia;41.4;434.04;;;;;
Cambodia;1962;6.083.619;Asia;43.4;496.91;;;;;
Cambodia;1967;6.960.067;Asia;45.4;523.43;;;;;
Cambodia;1972;7.450.606;Asia;40.3;421.62;;;;;
Cambodia;1977;6.978.607;Asia;31.2;524.97;;;;;
Cambodia;1982;7.272.485;Asia;51.0;624.48;;;;;
Cambodia;1987;8.371.791;Asia;53.9;683.9;;;;;
Cambodia;1992;10.150.094;Asia;55.8;682.3;268.0;0.0;0.0;1424.0;0.0
Cambodia;1997;11.782.962;Asia;56.5;734.29;394.0;0.0;0.0;2635.0;0.0
Cambodia;2002;12.926.707;Asia;56.8;896.23;25.0;0.0;0.0;213.0;0.0
Cambodia;2007;14.131.858;Asia;59.7;1713.78;0.0;0.0;0.0;0.0;0.0
Cameroon;1952;5.009.067;Africa;38.5;1172.67;;;;;
Cameroon;1957;5.359.923;Africa;40.4;1313.05;;;;;
Cameroon;1962;5.793.633;Africa;42.6;1399.61;;;;;
Cameroon;1967;6.335.506;Africa;44.8;1508.45;;;;;
Cameroon;1972;7.021.028;Africa;47.0;1684.15;;;;;
Cameroon;1977;7.959.865;Africa;49.4;1783.43;;;;;
Cameroon;1982;9.250.831;Africa;53.0;2367.98;;;;;
Cameroon;1987;10.780.667;Africa;55.0;2602.66;;;;;
Cameroon;1992;12.467.171;Africa;54.3;1793.16;0.0;75.0;0.0;0.0;0.0
Cameroon;1997;14.195.809;Africa;52.2;1694.34;55.0;81.0;0.0;0.0;56.0
Cameroon;2002;15.929.988;Africa;49.9;1934.01;0.0;51.0;0.0;0.0;0.0
Cameroon;2007;17.696.293;Africa;50.4;2042.1;0.0;0.0;0.0;0.0;0.0
Canada;1952;14.785.584;Americas;68.8;11367.16;;;;;
Canada;1957;17.010.154;Americas;70.0;12489.95;;;;;
Canada;1962;18.985.849;Americas;71.3;13462.49;;;;;
Canada;1967;20.819.767;Americas;72.1;16076.59;;;;;
Canada;1972;22.284.500;Americas;72.9;18970.57;;;;;
Canada;1977;23.796.400;Americas;74.2;22090.88;;;;;
Canada;1982;25.201.900;Americas;75.8;22898.79;;;;;
Canada;1987;26.549.700;Americas;76.9;26626.52;;;;;
Canada;1992;28.523.502;Americas;78.0;26342.88;0.0;0.0;0.0;0.0;0.0
Canada;1997;30.305.843;Americas;78.6;28954.93;0.0;24.0;0.0;0.0;0.0
Canada;2002;31.902.268;Americas;79.8;33328.97;0.0;27.0;0.0;0.0;0.0
Canada;2007;33.390.141;Americas;80.7;36319.24;0.0;0.0;0.0;0.0;0.0
Central African Republic;1952;1.291.695;Africa;35.5;1071.31;;;;;
Central African Republic;1957;1.392.284;Africa;37.5;1190.84;;;;;
Central African Republic;1962;1.523.478;Africa;39.5;1193.07;;;;;
Central African Republic;1967;1.733.638;Africa;41.5;1136.06;;;;;
Central African Republic;1972;1.927.260;Africa;43.5;1070.01;;;;;
Central African Republic;1977;2.167.533;Africa;46.8;1109.37;;;;;
Central African Republic;1982;2.476.971;Africa;48.3;956.75;;;;;
Central African Republic;1987;2.840.009;Africa;50.5;844.88;;;;;
Central African Republic;1992;3.265.124;Africa;49.4;747.91;0.0;0.0;0.0;0.0;0.0
Central African Republic;1997;3.696.513;Africa;46.1;740.51;0.0;0.0;0.0;0.0;0.0
Central African Republic;2002;4.048.013;Africa;43.3;738.69;21.0;0.0;0.0;326.0;0.0
Central African Republic;2007;4.369.038;Africa;44.7;706.02;281.0;0.0;0.0;46.0;0.0
Chad;1952;2.682.462;Africa;38.1;1178.67;;;;;
Chad;1957;2.894.855;Africa;39.9;1308.5;;;;;
Chad;1962;3.150.417;Africa;41.7;1389.82;;;;;
Chad;1967;3.495.967;Africa;43.6;1196.81;;;;;
Chad;1972;3.899.068;Africa;45.6;1104.1;;;;;
Chad;1977;4.388.260;Africa;47.4;1133.98;;;;;
Chad;1982;4.875.118;Africa;49.5;797.91;;;;;
Chad;1987;5.498.955;Africa;51.1;952.39;;;;;
Chad;1992;6.429.417;Africa;51.7;1058.06;352.0;0.0;0.0;1669.0;0.0
Chad;1997;7.562.011;Africa;51.6;1004.96;630.0;0.0;0.0;380.0;0.0
Chad;2002;8.835.739;Africa;50.5;1156.18;152.0;72.0;0.0;1937.0;0.0
Chad;2007;10.238.807;Africa;50.7;1704.06;924.0;340.0;0.0;1626.0;0.0
Chile;1952;6.377.619;Americas;54.7;3939.98;;;;;
Chile;1957;7.048.426;Americas;56.1;4315.62;;;;;
Chile;1962;7.961.258;Americas;57.9;4519.09;;;;;
Chile;1967;8.858.908;Americas;60.5;5106.65;;;;;
Chile;1972;9.717.524;Americas;63.4;5494.02;;;;;
Chile;1977;10.599.793;Americas;67.1;4756.76;;;;;
Chile;1982;11.487.112;Americas;70.6;5095.67;;;;;
Chile;1987;12.463.354;Americas;72.5;5547.06;;;;;
Chile;1992;13.572.994;Americas;74.1;7596.13;0.0;0.0;0.0;0.0;0.0
Chile;1997;14.599.929;Americas;75.8;10118.05;0.0;0.0;0.0;0.0;0.0
Chile;2002;15.497.046;Americas;77.9;10778.78;0.0;0.0;0.0;0.0;0.0
Chile;2007;16.284.741;Americas;78.6;13171.64;0.0;0.0;0.0;0.0;0.0
China;1952;556.263.527;Asia;44.0;400.45;;;;;
China;1957;637.408.000;Asia;50.5;575.99;;;;;
China;1962;665.770.000;Asia;44.5;487.67;;;;;
China;1967;754.550.000;Asia;58.4;612.71;;;;;
China;1972;862.030.000;Asia;63.1;676.9;;;;;
China;1977;943.455.000;Asia;64.0;741.24;;;;;
China;1982;1.000.281.000;Asia;65.5;962.42;;;;;
China;1987;1.084.035.000;Asia;67.3;1378.9;;;;;
China;1992;1.164.970.000;Asia;68.7;1655.78;2600.0;0.0;0.0;0.0;0.0
China;1997;1.230.075.000;Asia;70.4;2289.23;0.0;0.0;0.0;0.0;0.0
China;2002;1.280.400.000;Asia;72.0;3119.28;0.0;0.0;0.0;0.0;0.0
China;2007;1.318.683.096;Asia;73.0;4959.11;0.0;0.0;0.0;0.0;0.0
Colombia;1952;12.350.771;Americas;50.6;2144.12;;;;;
Colombia;1957;14.485.993;Americas;55.1;2323.81;;;;;
Colombia;1962;17.009.885;Americas;57.9;2492.35;;;;;
Colombia;1967;19.764.027;Americas;60.0;2678.73;;;;;
Colombia;1972;22.542.890;Americas;61.6;3264.66;;;;;
Colombia;1977;25.094.412;Americas;63.8;3815.81;;;;;
Colombia;1982;27.764.644;Americas;66.7;4397.58;;;;;
Colombia;1987;30.964.245;Americas;67.8;4903.22;;;;;
Colombia;1992;34.202.721;Americas;68.4;5444.65;401.0;41.0;0.0;2943.0;0.0
Colombia;1997;37.657.830;Americas;70.3;6117.36;620.0;91.0;0.0;3880.0;0.0
Colombia;2002;41.008.227;Americas;71.7;5755.26;7036.0;2412.0;0.0;9635.0;0.0
Colombia;2007;44.227.550;Americas;72.9;7006.58;5732.0;727.0;0.0;5824.0;0.0
Comoros;1952;153.936;Africa;40.7;1102.99;;;;;
Comoros;1957;170.928;Africa;42.5;1211.15;;;;;
Comoros;1962;191.689;Africa;44.5;1406.65;;;;;
Comoros;1967;217.378;Africa;46.5;1876.03;;;;;
Comoros;1972;250.027;Africa;48.9;1937.58;;;;;
Comoros;1977;304.739;Africa;50.9;1172.6;;;;;
Comoros;1982;348.643;Africa;52.9;1267.1;;;;;
Comoros;1987;395.114;Africa;54.9;1315.98;;;;;
Comoros;1992;454.429;Africa;57.9;1246.91;0.0;0.0;0.0;29.0;0.0
Comoros;1997;527.982;Africa;60.7;1173.62;0.0;0.0;0.0;56.0;0.0
Comoros;2002;614.382;Africa;63.0;1075.81;0.0;40.0;0.0;0.0;0.0
Comoros;2007;710.960;Africa;65.2;986.15;0.0;0.0;0.0;0.0;0.0
Congo Dem. Rep.;1952;14.100.005;Africa;39.1;780.54;;;;;
Congo Dem. Rep.;1957;15.577.932;Africa;40.7;905.86;;;;;
Congo Dem. Rep.;1962;17.486.434;Africa;42.1;896.31;;;;;
Congo Dem. Rep.;1967;19.941.073;Africa;44.1;861.59;;;;;
Congo Dem. Rep.;1972;23.007.669;Africa;46.0;904.9;;;;;
Congo Dem. Rep.;1977;26.480.870;Africa;47.8;795.76;;;;;
Congo Dem. Rep.;1982;30.646.495;Africa;47.8;673.75;;;;;
Congo Dem. Rep.;1987;35.481.645;Africa;47.4;672.77;;;;;
Congo Dem. Rep.;1992;41.672.143;Africa;45.5;457.72;;;;;
Congo Dem. Rep.;1997;47.798.986;Africa;42.6;312.19;;;;;
Congo Dem. Rep.;2002;55.379.852;Africa;45.0;241.17;;;;;
Congo Dem. Rep.;2007;64.606.759;Africa;46.5;277.55;;;;;
Congo Rep.;1952;854.885;Africa;42.1;2125.62;;;;;
Congo Rep.;1957;940.458;Africa;45.1;2315.06;;;;;
Congo Rep.;1962;1.047.924;Africa;48.4;2464.78;;;;;
Congo Rep.;1967;1.179.760;Africa;52.0;2677.94;;;;;
Congo Rep.;1972;1.340.458;Africa;54.9;3213.15;;;;;
Congo Rep.;1977;1.536.769;Africa;55.6;3259.18;;;;;
Congo Rep.;1982;1.774.735;Africa;56.7;4879.51;;;;;
Congo Rep.;1987;2.064.095;Africa;57.5;4201.19;;;;;
Congo Rep.;1992;2.409.073;Africa;56.4;4016.24;;;;;
Congo Rep.;1997;2.800.947;Africa;53.0;3484.16;;;;;
Congo Rep.;2002;3.328.795;Africa;53.0;3484.06;;;;;
Congo Rep.;2007;3.800.610;Africa;55.3;3632.56;;;;;
Costa Rica;1952;926.317;Americas;57.2;2627.01;;;;;
Costa Rica;1957;1.112.300;Americas;60.0;2990.01;;;;;
Costa Rica;1962;1.345.187;Americas;62.8;3460.94;;;;;
Costa Rica;1967;1.588.717;Americas;65.4;4161.73;;;;;
Costa Rica;1972;1.834.796;Americas;67.8;5118.15;;;;;
Costa Rica;1977;2.108.457;Americas;70.8;5926.88;;;;;
Costa Rica;1982;2.424.367;Americas;73.4;5262.73;;;;;
Costa Rica;1987;2.799.811;Americas;74.8;5629.92;;;;;
Costa Rica;1992;3.173.216;Americas;75.7;6160.42;0.0;0.0;0.0;0.0;0.0
Costa Rica;1997;3.518.107;Americas;77.3;6677.05;0.0;0.0;0.0;0.0;0.0
Costa Rica;2002;3.834.934;Americas;78.1;7723.45;0.0;0.0;0.0;0.0;0.0
Costa Rica;2007;4.133.884;Americas;78.8;9645.06;0.0;0.0;0.0;0.0;0.0
Cote d'Ivoire;1952;2.977.019;Africa;40.5;1388.59;;;;;
Cote d'Ivoire;1957;3.300.000;Africa;42.5;1500.9;;;;;
Cote d'Ivoire;1962;3.832.408;Africa;44.9;1728.87;;;;;
Cote d'Ivoire;1967;4.744.870;Africa;47.4;2052.05;;;;;
Cote d'Ivoire;1972;6.071.696;Africa;49.8;2378.2;;;;;
Cote d'Ivoire;1977;7.459.574;Africa;52.4;2517.74;;;;;
Cote d'Ivoire;1982;9.025.951;Africa;54.0;2602.71;;;;;
Cote d'Ivoire;1987;10.761.098;Africa;54.7;2156.96;;;;;
Cote d'Ivoire;1992;12.772.596;Africa;52.0;1648.07;0.0;0.0;0.0;8.0;0.0
Cote d'Ivoire;1997;14.625.967;Africa;48.0;1786.27;10.0;32.0;0.0;0.0;0.0
Cote d'Ivoire;2002;16.252.726;Africa;46.8;1648.8;434.0;76.0;0.0;661.0;0.0
Cote d'Ivoire;2007;18.013.409;Africa;48.3;1544.75;247.0;480.0;0.0;187.0;0.0
Croatia;1952;3.882.229;Europe;61.2;3119.24;;;;;
Croatia;1957;3.991.242;Europe;64.8;4338.23;;;;;
Croatia;1962;4.076.557;Europe;67.1;5477.89;;;;;
Croatia;1967;4.174.366;Europe;68.5;6960.3;;;;;
Croatia;1972;4.225.310;Europe;69.6;9164.09;;;;;
Croatia;1977;4.318.673;Europe;70.6;11305.39;;;;;
Croatia;1982;4.413.368;Europe;70.5;13221.82;;;;;
Croatia;1987;4.484.310;Europe;71.5;13822.58;;;;;
Croatia;1992;4.494.013;Europe;72.5;8447.79;0.0;307.0;0.0;3155.0;0.0
Croatia;1997;4.444.595;Europe;73.7;9875.6;165.0;0.0;0.0;1174.0;0.0
Croatia;2002;4.481.020;Europe;74.9;11628.39;0.0;0.0;0.0;0.0;0.0
Croatia;2007;4.493.312;Europe;75.7;14619.22;0.0;0.0;0.0;0.0;0.0
Cuba;1952;6.007.797;Americas;59.4;5586.54;;;;;
Cuba;1957;6.640.752;Americas;62.3;6092.17;;;;;
Cuba;1962;7.254.373;Americas;65.2;5180.76;;;;;
Cuba;1967;8.139.332;Americas;68.3;5690.27;;;;;
Cuba;1972;8.831.348;Americas;70.7;5305.45;;;;;
Cuba;1977;9.537.988;Americas;72.6;6380.49;;;;;
Cuba;1982;9.789.224;Americas;73.7;7316.92;;;;;
Cuba;1987;10.239.839;Americas;74.2;7532.92;;;;;
Cuba;1992;10.723.260;Americas;74.4;5592.84;0.0;0.0;0.0;0.0;0.0
Cuba;1997;10.983.007;Americas;76.2;5431.99;0.0;0.0;0.0;0.0;0.0
Cuba;2002;11.226.999;Americas;77.2;6340.65;0.0;0.0;0.0;0.0;0.0
Cuba;2007;11.416.987;Americas;78.3;8948.1;0.0;0.0;0.0;0.0;0.0
Czech Republic;1952;9.125.183;Europe;66.9;6876.14;;;;;
Czech Republic;1957;9.513.758;Europe;69.0;8256.34;;;;;
Czech Republic;1962;9.620.282;Europe;69.9;10136.87;;;;;
Czech Republic;1967;9.835.109;Europe;70.4;11399.44;;;;;
Czech Republic;1972;9.862.158;Europe;70.3;13108.45;;;;;
Czech Republic;1977;10.161.915;Europe;70.7;14800.16;;;;;
Czech Republic;1982;10.303.704;Europe;71.0;15377.23;;;;;
Czech Republic;1987;10.311.597;Europe;71.6;16310.44;;;;;
Czech Republic;1992;10.315.702;Europe;72.4;14297.02;;;;;
Czech Republic;1997;10.300.707;Europe;74.0;16048.51;;;;;
Czech Republic;2002;10.256.295;Europe;75.5;17596.21;;;;;
Czech Republic;2007;10.228.744;Europe;76.5;22833.31;;;;;
Denmark;1952;4.334.000;Europe;70.8;9692.39;;;;;
Denmark;1957;4.487.831;Europe;71.8;11099.66;;;;;
Denmark;1962;4.646.899;Europe;72.4;13583.31;;;;;
Denmark;1967;4.838.800;Europe;73.0;15937.21;;;;;
Denmark;1972;4.991.596;Europe;73.5;18866.21;;;;;
Denmark;1977;5.088.419;Europe;74.7;20422.9;;;;;
Denmark;1982;5.117.810;Europe;74.6;21688.04;;;;;
Denmark;1987;5.127.024;Europe;74.8;25116.18;;;;;
Denmark;1992;5.171.393;Europe;75.3;26406.74;0.0;0.0;0.0;0.0;0.0
Denmark;1997;5.283.663;Europe;76.1;29804.35;0.0;0.0;0.0;0.0;0.0
Denmark;2002;5.374.693;Europe;77.2;32166.5;0.0;0.0;0.0;0.0;0.0
Denmark;2007;5.468.120;Europe;78.3;35278.42;0.0;0.0;0.0;0.0;0.0
Djibouti;1952;63.149;Africa;34.8;2669.53;;;;;
Djibouti;1957;71.851;Africa;37.3;2864.97;;;;;
Djibouti;1962;89.898;Africa;39.7;3020.99;;;;;
Djibouti;1967;127.617;Africa;42.1;3020.05;;;;;
Djibouti;1972;178.848;Africa;44.4;3694.21;;;;;
Djibouti;1977;228.694;Africa;46.5;3081.76;;;;;
Djibouti;1982;305.991;Africa;48.8;2879.47;;;;;
Djibouti;1987;311.025;Africa;50.0;2880.1;;;;;
Djibouti;1992;384.156;Africa;51.6;2377.16;59.0;0.0;0.0;255.0;0.0
Djibouti;1997;417.908;Africa;53.2;1895.02;0.0;17.0;0.0;72.0;0.0
Djibouti;2002;447.416;Africa;53.4;1908.26;0.0;0.0;0.0;25.0;0.0
Djibouti;2007;496.374;Africa;54.8;2082.48;0.0;0.0;0.0;0.0;0.0
Dominican Republic;1952;2.491.346;Americas;45.9;1397.72;;;;;
Dominican Republic;1957;2.923.186;Americas;49.8;1544.4;;;;;
Dominican Republic;1962;3.453.434;Americas;53.5;1662.14;;;;;
Dominican Republic;1967;4.049.146;Americas;56.8;1653.72;;;;;
Dominican Republic;1972;4.671.329;Americas;59.6;2189.87;;;;;
Dominican Republic;1977;5.302.800;Americas;61.8;2681.99;;;;;
Dominican Republic;1982;5.968.349;Americas;63.7;2861.09;;;;;
Dominican Republic;1987;6.655.297;Americas;66.0;2899.84;;;;;
Dominican Republic;1992;7.351.181;Americas;68.5;3044.21;0.0;0.0;0.0;0.0;0.0
Dominican Republic;1997;7.992.357;Americas;70.0;3614.1;0.0;0.0;0.0;0.0;0.0
Dominican Republic;2002;8.650.322;Americas;70.8;4563.81;0.0;0.0;0.0;0.0;0.0
Dominican Republic;2007;9.319.622;Americas;72.2;6025.37;0.0;0.0;0.0;0.0;0.0
Ecuador;1952;3.548.753;Americas;48.4;3522.11;;;;;
Ecuador;1957;4.058.385;Americas;51.4;3780.55;;;;;
Ecuador;1962;4.681.707;Americas;54.6;4086.11;;;;;
Ecuador;1967;5.432.424;Americas;56.7;4579.07;;;;;
Ecuador;1972;6.298.651;Americas;58.8;5280.99;;;;;
Ecuador;1977;7.278.866;Americas;61.3;6679.62;;;;;
Ecuador;1982;8.365.850;Americas;64.3;7213.79;;;;;
Ecuador;1987;9.545.158;Americas;67.2;6481.78;;;;;
Ecuador;1992;10.748.394;Americas;69.6;7103.7;0.0;0.0;0.0;0.0;0.0
Ecuador;1997;11.911.819;Americas;72.3;7429.46;0.0;0.0;0.0;0.0;11.0
Ecuador;2002;12.921.234;Americas;74.2;5773.04;0.0;2.0;0.0;2.0;0.0
Ecuador;2007;13.755.680;Americas;75.0;6873.26;25.0;26.0;0.0;1.0;0.0
Egypt;1952;22.223.309;Africa;41.9;1418.82;;;;;
Egypt;1957;25.009.741;Africa;44.4;1458.92;;;;;
Egypt;1962;28.173.309;Africa;47.0;1693.34;;;;;
Egypt;1967;31.681.188;Africa;49.3;1814.88;;;;;
Egypt;1972;34.807.417;Africa;51.1;2024.01;;;;;
Egypt;1977;38.783.863;Africa;53.3;2785.49;;;;;
Egypt;1982;45.681.811;Africa;56.0;3503.73;;;;;
Egypt;1987;52.799.062;Africa;59.8;3885.46;;;;;
Egypt;1992;59.402.198;Africa;63.7;3794.76;0.0;0.0;0.0;0.0;0.0
Egypt;1997;66.134.291;Africa;67.2;4173.18;181.0;0.0;0.0;586.0;0.0
Egypt;2002;73.312.559;Africa;69.8;4754.6;0.0;0.0;0.0;27.0;0.0
Egypt;2007;80.264.543;Africa;71.3;5581.18;158.0;0.0;0.0;0.0;0.0
El Salvador;1952;2.042.865;Americas;45.3;3048.3;;;;;
El Salvador;1957;2.355.805;Americas;48.6;3421.52;;;;;
El Salvador;1962;2.747.687;Americas;52.3;3776.8;;;;;
El Salvador;1967;3.232.927;Americas;55.9;4358.6;;;;;
El Salvador;1972;3.790.903;Americas;58.2;4520.25;;;;;
El Salvador;1977;4.282.586;Americas;56.7;5138.92;;;;;
El Salvador;1982;4.474.873;Americas;56.6;4098.34;;;;;
El Salvador;1987;4.842.194;Americas;63.2;4140.44;;;;;
El Salvador;1992;5.274.649;Americas;66.8;4444.23;0.0;0.0;0.0;5861.0;0.0
El Salvador;1997;5.783.439;Americas;69.5;5154.83;0.0;0.0;0.0;0.0;0.0
El Salvador;2002;6.353.681;Americas;70.7;5351.57;0.0;0.0;0.0;0.0;0.0
El Salvador;2007;6.939.688;Americas;71.9;5728.35;0.0;34.0;0.0;0.0;0.0
Equatorial Guinea;1952;216.964;Africa;34.5;375.64;;;;;
Equatorial Guinea;1957;232.922;Africa;36.0;426.1;;;;;
Equatorial Guinea;1962;249.220;Africa;37.5;582.84;;;;;
Equatorial Guinea;1967;259.864;Africa;39.0;915.6;;;;;
Equatorial Guinea;1972;277.603;Africa;40.5;672.41;;;;;
Equatorial Guinea;1977;192.675;Africa;42.0;958.57;;;;;
Equatorial Guinea;1982;285.483;Africa;43.7;927.83;;;;;
Equatorial Guinea;1987;341.244;Africa;45.7;966.9;;;;;
Equatorial Guinea;1992;387.838;Africa;47.5;1132.06;0.0;0.0;0.0;0.0;0.0
Equatorial Guinea;1997;439.971;Africa;48.2;2814.48;0.0;0.0;0.0;0.0;0.0
Equatorial Guinea;2002;495.627;Africa;49.3;7703.5;0.0;0.0;0.0;0.0;0.0
Equatorial Guinea;2007;551.201;Africa;51.6;12154.09;0.0;0.0;0.0;0.0;0.0
Eritrea;1952;1.438.760;Africa;35.9;328.94;;;;;
Eritrea;1957;1.542.611;Africa;38.0;344.16;;;;;
Eritrea;1962;1.666.618;Africa;40.2;381.0;;;;;
Eritrea;1967;1.820.319;Africa;42.2;468.79;;;;;
Eritrea;1972;2.260.187;Africa;44.1;514.32;;;;;
Eritrea;1977;2.512.642;Africa;44.5;505.75;;;;;
Eritrea;1982;2.637.297;Africa;43.9;524.88;;;;;
Eritrea;1987;2.915.959;Africa;46.5;521.13;;;;;
Eritrea;1992;3.668.440;Africa;50.0;582.86;770.0;0.0;0.0;42576.0;0.0
Eritrea;1997;4.058.319;Africa;53.4;913.47;0.0;0.0;0.0;31.0;0.0
Eritrea;2002;4.414.865;Africa;55.2;765.35;0.0;0.0;0.0;25.0;95934.0
Eritrea;2007;4.906.585;Africa;58.0;641.37;0.0;0.0;0.0;57.0;0.0
Ethiopia;1952;20.860.941;Africa;34.1;362.15;;;;;
Ethiopia;1957;22.815.614;Africa;36.7;378.9;;;;;
Ethiopia;1962;25.145.372;Africa;40.1;419.46;;;;;
Ethiopia;1967;27.860.297;Africa;42.1;516.12;;;;;
Ethiopia;1972;30.770.372;Africa;43.5;566.24;;;;;
Ethiopia;1977;34.617.799;Africa;44.5;556.81;;;;;
Ethiopia;1982;38.111.756;Africa;44.9;577.86;;;;;
Ethiopia;1987;42.999.530;Africa;46.7;573.74;;;;;
Ethiopia;1992;52.088.559;Africa;48.1;421.35;436.0;1016.0;0.0;43871.0;0.0
Ethiopia;1997;59.861.301;Africa;49.4;515.89;26.0;1062.0;0.0;192.0;0.0
Ethiopia;2002;67.946.797;Africa;50.7;530.05;35.0;2267.0;0.0;905.0;2258.0
Ethiopia;2007;76.511.887;Africa;52.9;690.81;1008.0;1228.0;0.0;410.0;0.0
Finland;1952;4.090.500;Europe;66.6;6424.52;;;;;
Finland;1957;4.324.000;Europe;67.5;7545.42;;;;;
Finland;1962;4.491.443;Europe;68.8;9371.84;;;;;
Finland;1967;4.605.744;Europe;69.8;10921.64;;;;;
Finland;1972;4.639.657;Europe;70.9;14358.88;;;;;
Finland;1977;4.738.902;Europe;72.5;15605.42;;;;;
Finland;1982;4.826.933;Europe;74.6;18533.16;;;;;
Finland;1987;4.931.729;Europe;74.8;21141.01;;;;;
Finland;1992;5.041.039;Europe;75.7;20647.16;0.0;0.0;0.0;0.0;0.0
Finland;1997;5.134.406;Europe;77.1;23723.95;0.0;0.0;0.0;0.0;0.0
Finland;2002;5.193.039;Europe;78.4;28204.59;0.0;0.0;0.0;0.0;0.0
Finland;2007;5.238.460;Europe;79.3;33207.08;0.0;0.0;0.0;0.0;0.0
France;1952;42.459.667;Europe;67.4;7029.81;;;;;
France;1957;44.310.863;Europe;68.9;8662.83;;;;;
France;1962;47.124.000;Europe;70.5;10560.49;;;;;
France;1967;49.569.000;Europe;71.6;12999.92;;;;;
France;1972;51.732.000;Europe;72.4;16107.19;;;;;
France;1977;53.165.019;Europe;73.8;18292.64;;;;;
France;1982;54.433.565;Europe;74.9;20293.9;;;;;
France;1987;55.630.100;Europe;76.3;22066.44;;;;;
France;1992;57.374.179;Europe;77.5;24703.8;0.0;0.0;0.0;0.0;0.0
France;1997;58.623.428;Europe;78.6;25889.78;0.0;0.0;0.0;0.0;0.0
France;2002;59.925.035;Europe;79.6;28926.03;0.0;0.0;0.0;0.0;0.0
France;2007;61.083.916;Europe;80.7;30470.02;0.0;0.0;0.0;0.0;0.0
Gabon;1952;420.702;Africa;37.0;4293.48;;;;;
Gabon;1957;434.904;Africa;39.0;4976.2;;;;;
Gabon;1962;455.661;Africa;40.5;6631.46;;;;;
Gabon;1967;489.004;Africa;44.6;8358.76;;;;;
Gabon;1972;537.977;Africa;48.7;11401.95;;;;;
Gabon;1977;706.367;Africa;52.8;21745.57;;;;;
Gabon;1982;753.874;Africa;56.6;15113.36;;;;;
Gabon;1987;880.397;Africa;60.2;11864.41;;;;;
Gabon;1992;985.739;Africa;61.4;13522.16;0.0;0.0;0.0;0.0;0.0
Gabon;1997;1.126.189;Africa;60.5;14722.84;0.0;0.0;0.0;0.0;0.0
Gabon;2002;1.299.304;Africa;56.8;12521.71;0.0;0.0;0.0;0.0;0.0
Gabon;2007;1.454.867;Africa;56.7;13206.48;0.0;0.0;0.0;0.0;0.0
Gambia;1952;284.320;Africa;30.0;485.23;;;;;
Gambia;1957;323.150;Africa;32.1;520.93;;;;;
Gambia;1962;374.020;Africa;33.9;599.65;;;;;
Gambia;1967;439.593;Africa;35.9;734.78;;;;;
Gambia;1972;517.101;Africa;38.3;756.09;;;;;
Gambia;1977;608.274;Africa;41.8;884.76;;;;;
Gambia;1982;715.523;Africa;45.6;835.81;;;;;
Gambia;1987;848.406;Africa;49.3;611.66;;;;;
Gambia;1992;1.025.384;Africa;52.6;665.62;0.0;0.0;0.0;0.0;0.0
Gambia;1997;1.235.767;Africa;55.9;653.73;0.0;0.0;0.0;0.0;0.0
Gambia;2002;1.457.766;Africa;58.0;660.59;0.0;0.0;0.0;0.0;0.0
Gambia;2007;1.688.359;Africa;59.4;752.75;8.0;0.0;0.0;0.0;0.0
Germany;1952;69.145.952;Europe;67.5;7144.11;;;;;
Germany;1957;71.019.069;Europe;69.1;10187.83;;;;;
Germany;1962;73.739.117;Europe;70.3;12902.46;;;;;
Germany;1967;76.368.453;Europe;70.8;14745.63;;;;;
Germany;1972;78.717.088;Europe;71.0;18016.18;;;;;
Germany;1977;78.160.773;Europe;72.5;20512.92;;;;;
Germany;1982;78.335.266;Europe;73.8;22031.53;;;;;
Germany;1987;77.718.298;Europe;74.8;24639.19;;;;;
Germany;1992;80.597.764;Europe;76.1;26505.3;0.0;0.0;0.0;4.0;0.0
Germany;1997;82.011.073;Europe;77.3;27788.88;0.0;0.0;0.0;0.0;0.0
Germany;2002;82.350.671;Europe;78.7;30035.8;0.0;0.0;0.0;0.0;0.0
Germany;2007;82.400.996;Europe;79.4;32170.37;0.0;0.0;0.0;0.0;0.0
Ghana;1952;5.581.001;Africa;43.1;911.3;;;;;
Ghana;1957;6.391.288;Africa;44.8;1043.56;;;;;
Ghana;1962;7.355.248;Africa;46.5;1190.04;;;;;
Ghana;1967;8.490.213;Africa;48.1;1125.7;;;;;
Ghana;1972;9.354.120;Africa;49.9;1178.22;;;;;
Ghana;1977;10.538.093;Africa;51.8;993.22;;;;;
Ghana;1982;11.400.338;Africa;53.7;876.03;;;;;
Ghana;1987;14.168.101;Africa;55.7;847.01;;;;;
Ghana;1992;16.278.738;Africa;57.5;925.06;0.0;93.0;0.0;0.0;0.0
Ghana;1997;18.418.288;Africa;58.6;1005.25;0.0;2159.0;0.0;0.0;0.0
Ghana;2002;20.550.751;Africa;58.5;1111.98;0.0;116.0;0.0;0.0;0.0
Ghana;2007;22.873.338;Africa;60.0;1327.61;0.0;0.0;0.0;0.0;0.0
Greece;1952;7.733.250;Europe;65.9;3530.69;;;;;
Greece;1957;8.096.218;Europe;67.9;4916.3;;;;;
Greece;1962;8.448.233;Europe;69.5;6017.19;;;;;
Greece;1967;8.716.441;Europe;71.0;8513.1;;;;;
Greece;1972;8.888.628;Europe;72.3;12724.83;;;;;
Greece;1977;9.308.479;Europe;73.7;14195.52;;;;;
Greece;1982;9.786.480;Europe;75.2;15268.42;;;;;
Greece;1987;9.974.490;Europe;76.7;16120.53;;;;;
Greece;1992;10.325.429;Europe;77.0;17541.5;0.0;0.0;0.0;0.0;0.0
Greece;1997;10.502.372;Europe;77.9;18747.7;0.0;0.0;0.0;0.0;0.0
Greece;2002;10.603.863;Europe;78.3;22514.25;0.0;0.0;0.0;0.0;0.0
Greece;2007;10.706.290;Europe;79.5;27538.41;0.0;0.0;0.0;0.0;0.0
Guatemala;1952;3.146.381;Americas;42.0;2428.24;;;;;
Guatemala;1957;3.640.876;Americas;44.1;2617.16;;;;;
Guatemala;1962;4.208.858;Americas;47.0;2750.36;;;;;
Guatemala;1967;4.690.773;Americas;50.0;3242.53;;;;;
Guatemala;1972;5.149.581;Americas;53.7;4031.41;;;;;
Guatemala;1977;5.703.430;Americas;56.0;4879.99;;;;;
Guatemala;1982;6.395.630;Americas;58.1;4820.49;;;;;
Guatemala;1987;7.326.406;Americas;60.8;4246.49;;;;;
Guatemala;1992;8.486.949;Americas;63.4;4439.45;1687.0;0.0;0.0;302.0;0.0
Guatemala;1997;9.803.875;Americas;66.3;4684.31;505.0;0.0;0.0;122.0;0.0
Guatemala;2002;11.178.650;Americas;69.0;4858.35;0.0;0.0;0.0;0.0;0.0
Guatemala;2007;12.572.928;Americas;70.3;5186.05;0.0;56.0;0.0;0.0;0.0
Guinea;1952;2.664.249;Africa;33.6;510.2;;;;;
Guinea;1957;2.876.726;Africa;34.6;576.27;;;;;
Guinea;1962;3.140.003;Africa;35.8;686.37;;;;;
Guinea;1967;3.451.418;Africa;37.2;708.76;;;;;
Guinea;1972;3.811.387;Africa;38.8;741.67;;;;;
Guinea;1977;4.227.026;Africa;40.8;874.69;;;;;
Guinea;1982;4.710.497;Africa;42.9;857.25;;;;;
Guinea;1987;5.650.262;Africa;45.6;805.57;;;;;
Guinea;1992;6.990.574;Africa;48.6;794.35;0.0;0.0;0.0;0.0;0.0
Guinea;1997;8.048.834;Africa;51.5;869.45;27.0;0.0;0.0;0.0;0.0
Guinea;2002;8.807.818;Africa;53.7;945.58;22.0;31.0;0.0;647.0;0.0
Guinea;2007;9.947.814;Africa;56.0;942.65;45.0;0.0;0.0;0.0;0.0
Guinea-Bissau;1952;580.653;Africa;32.5;299.85;;;;;
Guinea-Bissau;1957;601.095;Africa;33.5;431.79;;;;;
Guinea-Bissau;1962;627.820;Africa;34.5;522.03;;;;;
Guinea-Bissau;1967;601.287;Africa;35.5;715.58;;;;;
Guinea-Bissau;1972;625.361;Africa;36.5;820.22;;;;;
Guinea-Bissau;1977;745.228;Africa;37.5;764.73;;;;;
Guinea-Bissau;1982;825.987;Africa;39.3;838.12;;;;;
Guinea-Bissau;1987;927.524;Africa;41.2;736.42;;;;;
Guinea-Bissau;1992;1.050.938;Africa;43.3;745.54;0.0;0.0;0.0;2.0;0.0
Guinea-Bissau;1997;1.193.708;Africa;44.9;796.66;0.0;0.0;0.0;0.0;0.0
Guinea-Bissau;2002;1.332.459;Africa;45.5;575.7;0.0;0.0;0.0;704.0;0.0
Guinea-Bissau;2007;1.472.041;Africa;46.4;579.23;0.0;0.0;0.0;0.0;0.0
Haiti;1952;3.201.488;Americas;37.6;1840.37;;;;;
Haiti;1957;3.507.701;Americas;40.7;1726.89;;;;;
Haiti;1962;3.880.130;Americas;43.6;1796.59;;;;;
Haiti;1967;4.318.137;Americas;46.2;1452.06;;;;;
Haiti;1972;4.698.301;Americas;48.0;1654.46;;;;;
Haiti;1977;4.908.554;Americas;49.9;1874.3;;;;;
Haiti;1982;5.198.399;Americas;51.5;2011.16;;;;;
Haiti;1987;5.756.203;Americas;53.6;1823.02;;;;;
Haiti;1992;6.326.682;Americas;55.1;1456.31;70.0;40.0;0.0;208.0;0.0
Haiti;1997;6.913.545;Americas;56.7;1341.73;81.0;0.0;0.0;0.0;0.0
Haiti;2002;7.607.651;Americas;58.1;1270.36;0.0;0.0;0.0;0.0;0.0
Haiti;2007;8.502.814;Americas;60.9;1201.64;40.0;0.0;0.0;207.0;0.0
Honduras;1952;1.517.453;Americas;41.9;2194.93;;;;;
Honduras;1957;1.770.390;Americas;44.7;2220.49;;;;;
Honduras;1962;2.090.162;Americas;48.0;2291.16;;;;;
Honduras;1967;2.500.689;Americas;50.9;2538.27;;;;;
Honduras;1972;2.965.146;Americas;53.9;2529.84;;;;;
Honduras;1977;3.055.235;Americas;57.4;3203.21;;;;;
Honduras;1982;3.669.448;Americas;60.9;3121.76;;;;;
Honduras;1987;4.372.203;Americas;64.5;3023.1;;;;;
Honduras;1992;5.077.347;Americas;66.4;3081.69;0.0;0.0;0.0;0.0;0.0
Honduras;1997;5.867.957;Americas;67.7;3160.45;0.0;0.0;0.0;0.0;0.0
Honduras;2002;6.677.328;Americas;68.6;3099.73;0.0;0.0;0.0;0.0;0.0
Honduras;2007;7.483.763;Americas;70.2;3548.33;28.0;0.0;0.0;0.0;0.0
Hong Kong China;1952;2.125.900;Asia;61.0;3054.42;;;;;
Hong Kong China;1957;2.736.300;Asia;64.8;3629.08;;;;;
Hong Kong China;1962;3.305.200;Asia;67.6;4692.65;;;;;
Hong Kong China;1967;3.722.800;Asia;70.0;6197.96;;;;;
Hong Kong China;1972;4.115.700;Asia;72.0;8315.93;;;;;
Hong Kong China;1977;4.583.700;Asia;73.6;11186.14;;;;;
Hong Kong China;1982;5.264.500;Asia;75.4;14560.53;;;;;
Hong Kong China;1987;5.584.510;Asia;76.2;20038.47;;;;;
Hong Kong China;1992;5.829.696;Asia;77.6;24757.6;;;;;
Hong Kong China;1997;6.495.918;Asia;80.0;28377.63;;;;;
Hong Kong China;2002;6.762.476;Asia;81.5;30209.02;;;;;
Hong Kong China;2007;6.980.412;Asia;82.2;39724.98;;;;;
Hungary;1952;9.504.000;Europe;64.0;5263.67;;;;;
Hungary;1957;9.839.000;Europe;66.4;6040.18;;;;;
Hungary;1962;10.063.000;Europe;68.0;7550.36;;;;;
Hungary;1967;10.223.422;Europe;69.5;9326.64;;;;;
Hungary;1972;10.394.091;Europe;69.8;10168.66;;;;;
Hungary;1977;10.637.171;Europe;70.0;11674.84;;;;;
Hungary;1982;10.705.535;Europe;69.4;12545.99;;;;;
Hungary;1987;10.612.740;Europe;69.6;12986.48;;;;;
Hungary;1992;10.348.684;Europe;69.2;10535.63;0.0;0.0;0.0;0.0;0.0
Hungary;1997;10.244.684;Europe;71.0;11712.78;0.0;0.0;0.0;0.0;0.0
Hungary;2002;10.083.313;Europe;72.6;14843.94;0.0;0.0;0.0;0.0;0.0
Hungary;2007;9.956.108;Europe;73.3;18008.94;0.0;0.0;0.0;0.0;0.0
Iceland;1952;147.962;Europe;72.5;7267.69;;;;;
Iceland;1957;165.110;Europe;73.5;9244.0;;;;;
Iceland;1962;182.053;Europe;73.7;10350.16;;;;;
Iceland;1967;198.676;Europe;73.7;13319.9;;;;;
Iceland;1972;209.275;Europe;74.5;15798.06;;;;;
Iceland;1977;221.823;Europe;76.1;19654.96;;;;;
Iceland;1982;233.997;Europe;77.0;23269.61;;;;;
Iceland;1987;244.676;Europe;77.2;26923.21;;;;;
Iceland;1992;259.012;Europe;78.8;25144.39;0.0;0.0;0.0;0.0;0.0
Iceland;1997;271.192;Europe;79.0;28061.1;0.0;0.0;0.0;0.0;0.0
Iceland;2002;288.030;Europe;80.5;31163.2;0.0;0.0;0.0;0.0;0.0
Iceland;2007;301.931;Europe;81.8;36180.79;0.0;0.0;0.0;0.0;0.0
India;1952;372.000.000;Asia;37.4;546.57;;;;;
India;1957;409.000.000;Asia;40.2;590.06;;;;;
India;1962;454.000.000;Asia;43.6;658.35;;;;;
India;1967;506.000.000;Asia;47.2;700.77;;;;;
India;1972;567.000.000;Asia;50.7;724.03;;;;;
India;1977;634.000.000;Asia;54.2;813.34;;;;;
India;1982;708.000.000;Asia;56.6;855.72;;;;;
India;1987;788.000.000;Asia;58.6;976.51;;;;;
India;1992;872.000.000;Asia;60.2;1164.41;1740.0;2998.0;0.0;9479.0;147.0
India;1997;959.000.000;Asia;61.8;1458.82;1081.0;921.0;0.0;5182.0;116.0
India;2002;1.034.172.547;Asia;62.9;1746.77;3207.0;364.0;0.0;7778.0;1237.0
India;2007;1.110.396.331;Asia;64.7;2452.21;2754.0;211.0;0.0;7102.0;66.0
Indonesia;1952;82.052.000;Asia;37.5;749.68;;;;;
Indonesia;1957;90.124.000;Asia;39.9;858.9;;;;;
Indonesia;1962;99.028.000;Asia;42.5;849.29;;;;;
Indonesia;1967;109.343.000;Asia;46.0;762.43;;;;;
Indonesia;1972;121.282.000;Asia;49.2;1111.11;;;;;
Indonesia;1977;136.725.000;Asia;52.7;1382.7;;;;;
Indonesia;1982;153.343.000;Asia;56.2;1516.87;;;;;
Indonesia;1987;169.276.000;Asia;60.1;1748.36;;;;;
Indonesia;1992;184.816.000;Asia;62.7;2383.14;194.0;0.0;0.0;130.0;0.0
Indonesia;1997;199.278.000;Asia;66.0;3119.34;11.0;361.0;0.0;0.0;0.0
Indonesia;2002;211.060.000;Asia;68.6;2873.91;604.0;2362.0;0.0;1217.0;0.0
Indonesia;2007;223.547.000;Asia;70.6;3540.65;263.0;49.0;0.0;2016.0;0.0
Iran;1952;17.272.000;Asia;44.9;3035.33;;;;;
Iran;1957;19.792.000;Asia;47.2;3290.26;;;;;
Iran;1962;22.874.000;Asia;49.3;4187.33;;;;;
Iran;1967;26.538.000;Asia;52.5;5906.73;;;;;
Iran;1972;30.614.000;Asia;55.2;9613.82;;;;;
Iran;1977;35.480.679;Asia;57.7;11888.6;;;;;
Iran;1982;43.072.751;Asia;59.6;7608.33;;;;;
Iran;1987;51.889.696;Asia;63.0;6642.88;;;;;
Iran;1992;60.397.973;Asia;65.7;7235.65;0.0;0.0;0.0;134.0;0.0
Iran;1997;63.327.987;Asia;68.0;8263.59;0.0;0.0;0.0;252.0;0.0
Iran;2002;66.907.826;Asia;69.5;9240.76;0.0;0.0;0.0;165.0;0.0
Iran;2007;69.453.570;Asia;71.0;11605.71;25.0;0.0;0.0;166.0;0.0
Iraq;1952;5.441.766;Asia;45.3;4129.77;;;;;
Iraq;1957;6.248.643;Asia;48.4;6229.33;;;;;
Iraq;1962;7.240.260;Asia;51.5;8341.74;;;;;
Iraq;1967;8.519.282;Asia;54.5;8931.46;;;;;
Iraq;1972;10.061.506;Asia;57.0;9576.04;;;;;
Iraq;1977;11.882.916;Asia;60.4;14688.24;;;;;
Iraq;1982;14.173.318;Asia;62.0;14517.91;;;;;
Iraq;1987;16.543.189;Asia;65.0;11643.57;;;;;
Iraq;1992;17.861.905;Asia;59.5;3745.64;1924.0;345.0;0.0;1990.0;21247.0
Iraq;1997;20.775.703;Asia;58.8;3076.24;385.0;1813.0;0.0;3025.0;0.0
Iraq;2002;24.001.816;Asia;57.0;4390.72;80.0;217.0;0.0;441.0;0.0
Iraq;2007;27.499.638;Asia;59.5;4471.06;3810.0;340.0;0.0;12848.0;7927.0
Ireland;1952;2.952.156;Europe;66.9;5210.28;;;;;
Ireland;1957;2.878.220;Europe;68.9;5599.08;;;;;
Ireland;1962;2.830.000;Europe;70.3;6631.6;;;;;
Ireland;1967;2.900.100;Europe;71.1;7655.57;;;;;
Ireland;1972;3.024.400;Europe;71.3;9530.77;;;;;
Ireland;1977;3.271.900;Europe;72.0;11150.98;;;;;
Ireland;1982;3.480.000;Europe;73.1;12618.32;;;;;
Ireland;1987;3.539.900;Europe;74.4;13872.87;;;;;
Ireland;1992;3.557.761;Europe;75.5;17558.82;0.0;0.0;0.0;0.0;0.0
Ireland;1997;3.667.233;Europe;76.1;24521.95;0.0;0.0;0.0;0.0;0.0
Ireland;2002;3.879.155;Europe;77.8;34077.05;0.0;0.0;0.0;0.0;0.0
Ireland;2007;4.109.086;Europe;78.9;40676.0;0.0;0.0;0.0;0.0;0.0
Israel;1952;1.620.914;Asia;65.4;4086.52;;;;;
Israel;1957;1.944.401;Asia;67.8;5385.28;;;;;
Israel;1962;2.310.904;Asia;69.4;7105.63;;;;;
Israel;1967;2.693.585;Asia;70.8;8393.74;;;;;
Israel;1972;3.095.893;Asia;71.6;12786.93;;;;;
Israel;1977;3.495.918;Asia;73.1;13306.62;;;;;
Israel;1982;3.858.421;Asia;74.4;15367.03;;;;;
Israel;1987;4.203.148;Asia;75.6;17122.48;;;;;
Israel;1992;4.936.550;Asia;76.9;18051.52;5.0;0.0;0.0;11.0;0.0
Israel;1997;5.531.387;Asia;78.3;20896.61;82.0;0.0;0.0;63.0;0.0
Israel;2002;6.029.529;Asia;79.7;21905.6;282.0;0.0;0.0;124.0;0.0
Israel;2007;6.426.679;Asia;80.7;25523.28;163.0;0.0;0.0;167.0;0.0
Italy;1952;47.666.000;Europe;65.9;4931.4;;;;;
Italy;1957;49.182.000;Europe;67.8;6248.66;;;;;
Italy;1962;50.843.200;Europe;69.2;8243.58;;;;;
Italy;1967;52.667.100;Europe;71.1;10022.4;;;;;
Italy;1972;54.365.564;Europe;72.2;12269.27;;;;;
Italy;1977;56.059.245;Europe;73.5;14255.98;;;;;
Italy;1982;56.535.636;Europe;75.0;16537.48;;;;;
Italy;1987;56.729.703;Europe;76.4;19207.23;;;;;
Italy;1992;56.840.847;Europe;77.4;22013.64;0.0;0.0;0.0;0.0;0.0
Italy;1997;57.479.469;Europe;78.8;24675.02;0.0;0.0;0.0;0.0;0.0
Italy;2002;57.926.999;Europe;80.2;27968.1;0.0;0.0;0.0;0.0;0.0
Italy;2007;58.147.733;Europe;80.5;28569.72;0.0;0.0;0.0;0.0;0.0
Jamaica;1952;1.426.095;Americas;58.5;2898.53;;;;;
Jamaica;1957;1.535.090;Americas;62.6;4756.53;;;;;
Jamaica;1962;1.665.128;Americas;65.6;5246.11;;;;;
Jamaica;1967;1.861.096;Americas;67.5;6124.7;;;;;
Jamaica;1972;1.997.616;Americas;69.0;7433.89;;;;;
Jamaica;1977;2.156.814;Americas;70.1;6650.2;;;;;
Jamaica;1982;2.298.309;Americas;71.2;6068.05;;;;;
Jamaica;1987;2.326.606;Americas;71.8;6351.24;;;;;
Jamaica;1992;2.378.618;Americas;71.8;7404.92;0.0;0.0;0.0;0.0;0.0
Jamaica;1997;2.531.311;Americas;72.3;7121.92;0.0;0.0;0.0;0.0;0.0
Jamaica;2002;2.664.659;Americas;72.0;6994.77;0.0;116.0;0.0;0.0;0.0
Jamaica;2007;2.780.132;Americas;72.6;7320.88;0.0;0.0;0.0;0.0;0.0
Japan;1952;86.459.025;Asia;63.0;3216.96;;;;;
Japan;1957;91.563.009;Asia;65.5;4317.69;;;;;
Japan;1962;95.831.757;Asia;68.7;6576.65;;;;;
Japan;1967;100.825.279;Asia;71.4;9847.79;;;;;
Japan;1972;107.188.273;Asia;73.4;14778.79;;;;;
Japan;1977;113.872.473;Asia;75.4;16610.38;;;;;
Japan;1982;118.454.974;Asia;77.1;19384.11;;;;;
Japan;1987;122.091.325;Asia;78.7;22375.94;;;;;
Japan;1992;124.329.269;Asia;79.4;26824.9;0.0;0.0;0.0;0.0;0.0
Japan;1997;125.956.499;Asia;80.7;28816.58;0.0;0.0;0.0;0.0;0.0
Japan;2002;127.065.841;Asia;82.0;28604.59;0.0;0.0;0.0;0.0;0.0
Japan;2007;127.467.972;Asia;82.6;31656.07;0.0;0.0;0.0;0.0;0.0
Jordan;1952;607.914;Asia;43.2;1546.91;;;;;
Jordan;1957;746.559;Asia;45.7;1886.08;;;;;
Jordan;1962;933.559;Asia;48.1;2348.01;;;;;
Jordan;1967;1.255.058;Asia;51.6;2741.8;;;;;
Jordan;1972;1.613.551;Asia;56.5;2110.86;;;;;
Jordan;1977;1.937.652;Asia;61.1;2852.35;;;;;
Jordan;1982;2.347.031;Asia;63.7;4161.42;;;;;
Jordan;1987;2.820.042;Asia;65.9;4448.68;;;;;
Jordan;1992;3.867.409;Asia;68.0;3431.59;1.0;0.0;0.0;0.0;0.0
Jordan;1997;4.526.235;Asia;69.8;3645.38;0.0;0.0;0.0;0.0;0.0
Jordan;2002;5.307.470;Asia;71.3;3844.92;0.0;0.0;0.0;0.0;0.0
Jordan;2007;6.053.193;Asia;72.5;4519.46;59.0;0.0;0.0;0.0;0.0
Kenya;1952;6.464.046;Africa;42.3;853.54;;;;;
Kenya;1957;7.454.779;Africa;44.7;944.44;;;;;
Kenya;1962;8.678.557;Africa;47.9;896.97;;;;;
Kenya;1967;10.191.512;Africa;50.7;1056.74;;;;;
Kenya;1972;12.044.785;Africa;53.6;1222.36;;;;;
Kenya;1977;14.500.404;Africa;56.2;1267.61;;;;;
Kenya;1982;17.661.452;Africa;58.8;1348.23;;;;;
Kenya;1987;21.198.082;Africa;59.3;1361.94;;;;;
Kenya;1992;25.020.539;Africa;59.3;1341.92;0.0;211.0;0.0;0.0;0.0
Kenya;1997;28.263.827;Africa;54.4;1360.49;0.0;681.0;0.0;0.0;0.0
Kenya;2002;31.386.842;Africa;51.0;1287.51;13.0;884.0;0.0;28.0;0.0
Kenya;2007;35.610.177;Africa;54.1;1463.25;134.0;351.0;0.0;1.0;0.0
Korea Dem. Rep.;1952;8.865.488;Asia;50.1;1088.28;;;;;
Korea Dem. Rep.;1957;9.411.381;Asia;54.1;1571.13;;;;;
Korea Dem. Rep.;1962;10.917.494;Asia;56.7;1621.69;;;;;
Korea Dem. Rep.;1967;12.617.009;Asia;59.9;2143.54;;;;;
Korea Dem. Rep.;1972;14.781.241;Asia;64.0;3701.62;;;;;
Korea Dem. Rep.;1977;16.325.320;Asia;67.2;4106.3;;;;;
Korea Dem. Rep.;1982;17.647.518;Asia;69.1;4106.53;;;;;
Korea Dem. Rep.;1987;19.067.554;Asia;70.6;4106.49;;;;;
Korea Dem. Rep.;1992;20.711.375;Asia;70.0;3726.06;;;;;
Korea Dem. Rep.;1997;21.585.105;Asia;67.7;1690.76;;;;;
Korea Dem. Rep.;2002;22.215.365;Asia;66.7;1646.76;;;;;
Korea Dem. Rep.;2007;23.301.725;Asia;67.3;1593.07;;;;;
Korea Rep.;1952;20.947.571;Asia;47.5;1030.59;;;;;
Korea Rep.;1957;22.611.552;Asia;52.7;1487.59;;;;;
Korea Rep.;1962;26.420.307;Asia;55.3;1536.34;;;;;
Korea Rep.;1967;30.131.000;Asia;57.7;2029.23;;;;;
Korea Rep.;1972;33.505.000;Asia;62.6;3030.88;;;;;
Korea Rep.;1977;36.436.000;Asia;64.8;4657.22;;;;;
Korea Rep.;1982;39.326.000;Asia;67.1;5622.94;;;;;
Korea Rep.;1987;41.622.000;Asia;69.8;8533.09;;;;;
Korea Rep.;1992;43.805.450;Asia;72.2;12104.28;;;;;
Korea Rep.;1997;46.173.816;Asia;74.6;15993.53;;;;;
Korea Rep.;2002;47.969.150;Asia;77.0;19233.99;;;;;
Korea Rep.;2007;49.044.790;Asia;78.6;23348.14;;;;;
Kuwait;1952;160.000;Asia;55.6;108382.35;;;;;
Kuwait;1957;212.846;Asia;58.0;113523.13;;;;;
Kuwait;1962;358.266;Asia;60.5;95458.11;;;;;
Kuwait;1967;575.003;Asia;64.6;80894.88;;;;;
Kuwait;1972;841.934;Asia;67.7;109347.87;;;;;
Kuwait;1977;1.140.357;Asia;69.3;59265.48;;;;;
Kuwait;1982;1.497.494;Asia;71.3;31354.04;;;;;
Kuwait;1987;1.891.487;Asia;74.2;28118.43;;;;;
Kuwait;1992;1.418.095;Asia;75.2;34932.92;285.0;0.0;0.0;0.0;1504.0
Kuwait;1997;1.765.345;Asia;76.2;40300.62;1.0;0.0;0.0;0.0;0.0
Kuwait;2002;2.111.561;Asia;76.9;35110.11;0.0;0.0;0.0;0.0;0.0
Kuwait;2007;2.505.559;Asia;77.6;47306.99;0.0;0.0;0.0;0.0;0.0
Lebanon;1952;1.439.529;Asia;55.9;4834.8;;;;;
Lebanon;1957;1.647.412;Asia;59.5;6089.79;;;;;
Lebanon;1962;1.886.848;Asia;62.1;5714.56;;;;;
Lebanon;1967;2.186.894;Asia;63.9;6006.98;;;;;
Lebanon;1972;2.680.018;Asia;65.4;7486.38;;;;;
Lebanon;1977;3.115.787;Asia;66.1;8659.7;;;;;
Lebanon;1982;3.086.876;Asia;67.0;7640.52;;;;;
Lebanon;1987;3.089.353;Asia;67.9;5377.09;;;;;
Lebanon;1992;3.219.994;Asia;69.3;6890.81;0.0;1475.0;0.0;1642.0;0.0
Lebanon;1997;3.430.388;Asia;70.3;8754.96;103.0;110.0;0.0;456.0;0.0
Lebanon;2002;3.677.780;Asia;71.0;9313.94;0.0;88.0;0.0;120.0;0.0
Lebanon;2007;3.921.278;Asia;72.0;10461.06;0.0;0.0;0.0;1184.0;0.0
Lesotho;1952;748.747;Africa;42.1;298.85;;;;;
Lesotho;1957;813.338;Africa;45.0;336.0;;;;;
Lesotho;1962;893.143;Africa;47.7;411.8;;;;;
Lesotho;1967;996.380;Africa;48.5;498.64;;;;;
Lesotho;1972;1.116.779;Africa;49.8;496.58;;;;;
Lesotho;1977;1.251.524;Africa;52.2;745.37;;;;;
Lesotho;1982;1.411.807;Africa;55.1;797.26;;;;;
Lesotho;1987;1.599.200;Africa;57.2;773.99;;;;;
Lesotho;1992;1.803.195;Africa;59.7;977.49;0.0;0.0;0.0;0.0;0.0
Lesotho;1997;1.982.823;Africa;55.6;1186.15;0.0;0.0;0.0;0.0;0.0
Lesotho;2002;2.046.772;Africa;44.6;1275.18;0.0;0.0;0.0;78.0;0.0
Lesotho;2007;2.012.649;Africa;42.6;1569.33;0.0;0.0;0.0;0.0;0.0
Liberia;1952;863.308;Africa;38.5;575.57;;;;;
Liberia;1957;975.950;Africa;39.5;620.97;;;;;
Liberia;1962;1.112.796;Africa;40.5;634.2;;;;;
Liberia;1967;1.279.406;Africa;41.5;713.6;;;;;
Liberia;1972;1.482.628;Africa;42.6;803.01;;;;;
Liberia;1977;1.703.617;Africa;43.8;640.32;;;;;
Liberia;1982;1.956.875;Africa;44.9;572.2;;;;;
Liberia;1987;2.269.414;Africa;46.0;506.11;;;;;
Liberia;1992;1.912.974;Africa;40.8;636.62;4005.0;406.0;0.0;366.0;0.0
Liberia;1997;2.200.725;Africa;42.2;609.17;9562.0;2606.0;0.0;5.0;0.0
Liberia;2002;2.814.651;Africa;43.8;531.48;2001.0;0.0;0.0;890.0;0.0
Liberia;2007;3.193.942;Africa;45.7;414.51;1494.0;0.0;0.0;1787.0;0.0
Libya;1952;1.019.729;Africa;42.7;2387.55;;;;;
Libya;1957;1.201.578;Africa;45.3;3448.28;;;;;
Libya;1962;1.441.863;Africa;47.8;6757.03;;;;;
Libya;1967;1.759.224;Africa;50.2;18772.75;;;;;
Libya;1972;2.183.877;Africa;52.8;21011.5;;;;;
Libya;1977;2.721.783;Africa;57.4;21951.21;;;;;
Libya;1982;3.344.074;Africa;62.2;17364.28;;;;;
Libya;1987;3.799.845;Africa;66.2;11770.59;;;;;
Libya;1992;4.364.501;Africa;68.8;9640.14;0.0;0.0;0.0;0.0;0.0
Libya;1997;4.759.670;Africa;71.6;9467.45;0.0;0.0;0.0;24.0;0.0
Libya;2002;5.368.585;Africa;72.7;9534.68;0.0;0.0;0.0;0.0;0.0
Libya;2007;6.036.914;Africa;74.0;12057.5;0.0;0.0;0.0;0.0;0.0
Madagascar;1952;4.762.912;Africa;36.7;1443.01;;;;;
Madagascar;1957;5.181.679;Africa;38.9;1589.2;;;;;
Madagascar;1962;5.703.324;Africa;40.8;1643.39;;;;;
Madagascar;1967;6.334.556;Africa;42.9;1634.05;;;;;
Madagascar;1972;7.082.430;Africa;44.9;1748.56;;;;;
Madagascar;1977;8.007.166;Africa;46.9;1544.23;;;;;
Madagascar;1982;9.171.477;Africa;49.0;1302.88;;;;;
Madagascar;1987;10.568.642;Africa;49.4;1155.44;;;;;
Madagascar;1992;12.210.395;Africa;52.2;1040.68;0.0;0.0;0.0;0.0;0.0
Madagascar;1997;14.165.114;Africa;55.0;986.3;0.0;0.0;0.0;0.0;0.0
Madagascar;2002;16.473.477;Africa;57.3;894.64;0.0;79.0;0.0;0.0;0.0
Madagascar;2007;19.167.654;Africa;59.4;1044.77;0.0;0.0;0.0;0.0;0.0
Malawi;1952;2.917.802;Africa;36.3;369.17;;;;;
Malawi;1957;3.221.238;Africa;37.2;416.37;;;;;
Malawi;1962;3.628.608;Africa;38.4;427.9;;;;;
Malawi;1967;4.147.252;Africa;39.5;495.51;;;;;
Malawi;1972;4.730.997;Africa;41.8;584.62;;;;;
Malawi;1977;5.637.246;Africa;43.8;663.22;;;;;
Malawi;1982;6.502.825;Africa;45.6;632.8;;;;;
Malawi;1987;7.824.747;Africa;47.5;635.52;;;;;
Malawi;1992;10.014.249;Africa;49.4;563.2;0.0;0.0;0.0;0.0;0.0
Malawi;1997;10.419.991;Africa;47.5;692.28;0.0;0.0;0.0;0.0;0.0
Malawi;2002;11.824.495;Africa;45.0;665.42;0.0;0.0;0.0;0.0;0.0
Malawi;2007;13.327.079;Africa;48.3;759.35;0.0;0.0;0.0;0.0;0.0
Malaysia;1952;6.748.378;Asia;48.5;1831.13;;;;;
Malaysia;1957;7.739.235;Asia;52.1;1810.07;;;;;
Malaysia;1962;8.906.385;Asia;55.7;2036.88;;;;;
Malaysia;1967;10.154.878;Asia;59.4;2277.74;;;;;
Malaysia;1972;11.441.462;Asia;63.0;2849.09;;;;;
Malaysia;1977;12.845.381;Asia;65.3;3827.92;;;;;
Malaysia;1982;14.441.916;Asia;68.0;4920.36;;;;;
Malaysia;1987;16.331.785;Asia;69.5;5249.8;;;;;
Malaysia;1992;18.319.502;Asia;70.7;7277.91;0.0;0.0;0.0;0.0;0.0
Malaysia;1997;20.476.091;Asia;71.9;10132.91;0.0;0.0;0.0;0.0;0.0
Malaysia;2002;22.662.365;Asia;73.0;10206.98;0.0;0.0;0.0;0.0;0.0
Malaysia;2007;24.821.286;Asia;74.2;12451.66;0.0;0.0;0.0;0.0;0.0
Mali;1952;3.838.168;Africa;33.7;452.34;;;;;
Mali;1957;4.241.884;Africa;35.3;490.38;;;;;
Mali;1962;4.690.372;Africa;36.9;496.17;;;;;
Mali;1967;5.212.416;Africa;38.5;545.01;;;;;
Mali;1972;5.828.158;Africa;40.0;581.37;;;;;
Mali;1977;6.491.649;Africa;41.7;686.4;;;;;
Mali;1982;6.998.256;Africa;43.9;618.01;;;;;
Mali;1987;7.634.008;Africa;46.4;684.17;;;;;
Mali;1992;8.416.215;Africa;48.4;739.01;378.0;0.0;0.0;516.0;0.0
Mali;1997;9.384.984;Africa;49.9;790.26;593.0;52.0;0.0;86.0;0.0
Mali;2002;10.580.176;Africa;51.8;951.41;0.0;59.0;0.0;0.0;0.0
Mali;2007;12.031.795;Africa;54.5;1042.58;0.0;0.0;0.0;51.0;0.0
Mauritania;1952;1.022.556;Africa;40.5;743.12;;;;;
Mauritania;1957;1.076.852;Africa;42.3;846.12;;;;;
Mauritania;1962;1.146.757;Africa;44.2;1055.9;;;;;
Mauritania;1967;1.230.542;Africa;46.3;1421.15;;;;;
Mauritania;1972;1.332.786;Africa;48.4;1586.85;;;;;
Mauritania;1977;1.456.688;Africa;50.9;1497.49;;;;;
Mauritania;1982;1.622.136;Africa;53.6;1481.15;;;;;
Mauritania;1987;1.841.240;Africa;56.1;1421.6;;;;;
Mauritania;1992;2.119.465;Africa;58.3;1361.37;46.0;102.0;0.0;0.0;0.0
Mauritania;1997;2.444.741;Africa;60.4;1483.14;0.0;0.0;0.0;20.0;0.0
Mauritania;2002;2.828.858;Africa;62.2;1579.02;0.0;0.0;0.0;0.0;0.0
Mauritania;2007;3.270.065;Africa;64.2;1803.15;4.0;0.0;0.0;0.0;0.0
Mauritius;1952;516.556;Africa;51.0;1967.96;;;;;
Mauritius;1957;609.816;Africa;58.1;2034.04;;;;;
Mauritius;1962;701.016;Africa;60.2;2529.07;;;;;
Mauritius;1967;789.309;Africa;61.6;2475.39;;;;;
Mauritius;1972;851.334;Africa;62.9;2575.48;;;;;
Mauritius;1977;913.025;Africa;64.9;3710.98;;;;;
Mauritius;1982;992.040;Africa;66.7;3688.04;;;;;
Mauritius;1987;1.042.663;Africa;68.7;4783.59;;;;;
Mauritius;1992;1.096.202;Africa;69.7;6058.25;0.0;0.0;0.0;0.0;0.0
Mauritius;1997;1.149.818;Africa;70.7;7425.71;0.0;0.0;0.0;0.0;0.0
Mauritius;2002;1.200.206;Africa;72.0;9021.82;0.0;0.0;0.0;0.0;0.0
Mauritius;2007;1.250.882;Africa;72.8;10956.99;0.0;0.0;0.0;0.0;0.0
Mexico;1952;30.144.317;Americas;50.8;3478.13;;;;;
Mexico;1957;35.015.548;Americas;55.2;4131.55;;;;;
Mexico;1962;41.121.485;Americas;58.3;4581.61;;;;;
Mexico;1967;47.995.559;Americas;60.1;5754.73;;;;;
Mexico;1972;55.984.294;Americas;62.4;6809.41;;;;;
Mexico;1977;63.759.976;Americas;65.0;7674.93;;;;;
Mexico;1982;71.640.904;Americas;67.4;9611.15;;;;;
Mexico;1987;80.122.492;Americas;69.5;8688.16;;;;;
Mexico;1992;88.111.030;Americas;71.5;9472.38;0.0;0.0;0.0;2.0;0.0
Mexico;1997;95.895.146;Americas;73.7;9767.3;45.0;28.0;0.0;182.0;0.0
Mexico;2002;102.479.927;Americas;74.9;10742.44;0.0;26.0;0.0;0.0;0.0
Mexico;2007;108.700.891;Americas;76.2;11977.57;0.0;3028.0;0.0;0.0;0.0
Mongolia;1952;800.663;Asia;42.2;786.57;;;;;
Mongolia;1957;882.134;Asia;45.2;912.66;;;;;
Mongolia;1962;1.010.280;Asia;48.3;1056.35;;;;;
Mongolia;1967;1.149.500;Asia;51.3;1226.04;;;;;
Mongolia;1972;1.320.500;Asia;53.8;1421.74;;;;;
Mongolia;1977;1.528.000;Asia;55.5;1647.51;;;;;
Mongolia;1982;1.756.032;Asia;57.5;2000.6;;;;;
Mongolia;1987;2.015.133;Asia;60.2;2338.01;;;;;
Mongolia;1992;2.312.802;Asia;61.3;1785.4;0.0;0.0;0.0;0.0;0.0
Mongolia;1997;2.494.803;Asia;63.6;1902.25;0.0;0.0;0.0;0.0;0.0
Mongolia;2002;2.674.234;Asia;65.0;2140.74;0.0;0.0;0.0;0.0;0.0
Mongolia;2007;2.874.127;Asia;66.8;3095.77;0.0;0.0;0.0;0.0;0.0
Montenegro;1952;413.834;Europe;59.2;2647.59;;;;;
Montenegro;1957;442.829;Europe;61.4;3682.26;;;;;
Montenegro;1962;474.528;Europe;63.7;4649.59;;;;;
Montenegro;1967;501.035;Europe;67.2;5907.85;;;;;
Montenegro;1972;527.678;Europe;70.6;7778.41;;;;;
Montenegro;1977;560.073;Europe;73.1;9595.93;;;;;
Montenegro;1982;562.548;Europe;74.1;11222.59;;;;;
Montenegro;1987;569.473;Europe;74.9;11732.51;;;;;
Montenegro;1992;621.621;Europe;75.4;7003.34;0.0;0.0;0.0;0.0;0.0
Montenegro;1997;692.651;Europe;75.4;6465.61;0.0;0.0;0.0;0.0;0.0
Montenegro;2002;720.230;Europe;74.0;6557.19;0.0;0.0;0.0;11.0;0.0
Montenegro;2007;684.736;Europe;74.5;9253.9;0.0;0.0;0.0;0.0;0.0
Morocco;1952;9.939.217;Africa;42.9;1688.2;;;;;
Morocco;1957;11.406.350;Africa;45.4;1642.0;;;;;
Morocco;1962;13.056.604;Africa;47.9;1566.35;;;;;
Morocco;1967;14.770.296;Africa;50.3;1711.04;;;;;
Morocco;1972;16.660.670;Africa;52.9;1930.19;;;;;
Morocco;1977;18.396.941;Africa;55.7;2370.62;;;;;
Morocco;1982;20.198.730;Africa;59.6;2702.62;;;;;
Morocco;1987;22.987.397;Africa;62.7;2755.05;;;;;
Morocco;1992;25.798.239;Africa;65.4;2948.05;0.0;0.0;0.0;0.0;0.0
Morocco;1997;28.529.501;Africa;67.7;2982.1;0.0;0.0;0.0;0.0;0.0
Morocco;2002;31.167.783;Africa;69.6;3258.5;0.0;0.0;0.0;0.0;0.0
Morocco;2007;33.757.175;Africa;71.2;3820.18;34.0;0.0;0.0;0.0;0.0
Mozambique;1952;6.446.316;Africa;31.3;468.53;;;;;
Mozambique;1957;7.038.035;Africa;33.8;495.59;;;;;
Mozambique;1962;7.788.944;Africa;36.2;556.69;;;;;
Mozambique;1967;8.680.909;Africa;38.1;566.67;;;;;
Mozambique;1972;9.809.596;Africa;40.3;724.92;;;;;
Mozambique;1977;11.127.868;Africa;42.5;502.32;;;;;
Mozambique;1982;12.587.223;Africa;42.8;462.21;;;;;
Mozambique;1987;12.891.952;Africa;42.9;389.88;;;;;
Mozambique;1992;13.160.731;Africa;44.3;410.9;1344.0;88.0;0.0;4361.0;0.0
Mozambique;1997;16.603.334;Africa;46.3;472.35;0.0;0.0;0.0;0.0;0.0
Mozambique;2002;18.473.780;Africa;44.0;633.62;0.0;0.0;0.0;0.0;0.0
Mozambique;2007;19.951.656;Africa;42.1;823.69;0.0;0.0;0.0;0.0;0.0
Myanmar;1952;20.092.996;Asia;36.3;331.0;;;;;
Myanmar;1957;21.731.844;Asia;41.9;350.0;;;;;
Myanmar;1962;23.634.436;Asia;45.1;388.0;;;;;
Myanmar;1967;25.870.271;Asia;49.4;349.0;;;;;
Myanmar;1972;28.466.390;Asia;53.1;357.0;;;;;
Myanmar;1977;31.528.087;Asia;56.1;371.0;;;;;
Myanmar;1982;34.680.442;Asia;58.1;424.0;;;;;
Myanmar;1987;38.028.578;Asia;58.3;385.0;;;;;
Myanmar;1992;40.546.538;Asia;59.3;347.0;309.0;589.0;0.0;4428.0;0.0
Myanmar;1997;43.247.867;Asia;60.3;415.0;951.0;1101.0;0.0;1684.0;0.0
Myanmar;2002;45.598.081;Asia;59.9;611.0;1542.0;193.0;0.0;755.0;0.0
Myanmar;2007;47.761.980;Asia;62.1;944.0;919.0;153.0;0.0;796.0;0.0
Namibia;1952;485.831;Africa;41.7;2423.78;;;;;
Namibia;1957;548.080;Africa;45.2;2621.45;;;;;
Namibia;1962;621.392;Africa;48.4;3173.22;;;;;
Namibia;1967;706.640;Africa;51.2;3793.69;;;;;
Namibia;1972;821.782;Africa;53.9;3746.08;;;;;
Namibia;1977;977.026;Africa;56.4;3876.49;;;;;
Namibia;1982;1.099.010;Africa;59.0;4191.1;;;;;
Namibia;1987;1.278.184;Africa;60.8;3693.73;;;;;
Namibia;1992;1.554.253;Africa;62.0;3804.54;0.0;0.0;0.0;361.0;0.0
Namibia;1997;1.774.766;Africa;58.9;3899.52;0.0;0.0;0.0;0.0;0.0
Namibia;2002;1.972.153;Africa;51.5;4072.32;6.0;0.0;0.0;56.0;0.0
Namibia;2007;2.055.080;Africa;52.9;4811.06;0.0;0.0;0.0;0.0;0.0
Nepal;1952;9.182.536;Asia;36.2;545.87;;;;;
Nepal;1957;9.682.338;Asia;37.7;597.94;;;;;
Nepal;1962;10.332.057;Asia;39.4;652.4;;;;;
Nepal;1967;11.261.690;Asia;41.5;676.44;;;;;
Nepal;1972;12.412.593;Asia;44.0;674.79;;;;;
Nepal;1977;13.933.198;Asia;46.7;694.11;;;;;
Nepal;1982;15.796.314;Asia;49.6;718.37;;;;;
Nepal;1987;17.917.180;Asia;52.5;775.63;;;;;
Nepal;1992;20.326.209;Asia;55.7;897.74;2.0;0.0;0.0;0.0;0.0
Nepal;1997;23.001.113;Asia;59.4;1010.89;27.0;0.0;0.0;84.0;0.0
Nepal;2002;25.873.917;Asia;61.3;1057.21;968.0;0.0;0.0;5049.0;0.0
Nepal;2007;28.901.790;Asia;63.8;1091.36;1371.0;30.0;0.0;4782.0;0.0
Netherlands;1952;10.381.988;Europe;72.1;8941.57;;;;;
Netherlands;1957;11.026.383;Europe;73.0;11276.19;;;;;
Netherlands;1962;11.805.689;Europe;73.2;12790.85;;;;;
Netherlands;1967;12.596.822;Europe;73.8;15363.25;;;;;
Netherlands;1972;13.329.874;Europe;73.8;18794.75;;;;;
Netherlands;1977;13.852.989;Europe;75.2;21209.06;;;;;
Netherlands;1982;14.310.401;Europe;76.0;21399.46;;;;;
Netherlands;1987;14.665.278;Europe;76.8;23651.32;;;;;
Netherlands;1992;15.174.244;Europe;77.4;26790.95;0.0;0.0;0.0;2.0;0.0
Netherlands;1997;15.604.464;Europe;78.0;30246.13;0.0;0.0;0.0;0.0;0.0
Netherlands;2002;16.122.830;Europe;78.5;33724.76;0.0;0.0;0.0;0.0;0.0
Netherlands;2007;16.570.613;Europe;79.8;36797.93;0.0;0.0;0.0;0.0;0.0
New Zealand;1952;1.994.794;Oceania;69.4;10556.58;;;;;
New Zealand;1957;2.229.407;Oceania;70.3;12247.4;;;;;
New Zealand;1962;2.488.550;Oceania;71.2;13175.68;;;;;
New Zealand;1967;2.728.150;Oceania;71.5;14463.92;;;;;
New Zealand;1972;2.929.100;Oceania;71.9;16046.04;;;;;
New Zealand;1977;3.164.900;Oceania;72.2;16233.72;;;;;
New Zealand;1982;3.210.650;Oceania;73.8;17632.41;;;;;
New Zealand;1987;3.317.166;Oceania;74.3;19007.19;;;;;
New Zealand;1992;3.437.674;Oceania;76.3;18363.32;0.0;0.0;0.0;0.0;0.0
New Zealand;1997;3.676.187;Oceania;77.6;21050.41;0.0;0.0;0.0;0.0;0.0
New Zealand;2002;3.908.037;Oceania;79.1;23189.8;0.0;0.0;0.0;0.0;0.0
New Zealand;2007;4.115.771;Oceania;80.2;25185.01;0.0;0.0;0.0;0.0;0.0
Nicaragua;1952;1.165.790;Americas;42.3;3112.36;;;;;
Nicaragua;1957;1.358.828;Americas;45.4;3457.42;;;;;
Nicaragua;1962;1.590.597;Americas;48.6;3634.36;;;;;
Nicaragua;1967;1.865.490;Americas;51.9;4643.39;;;;;
Nicaragua;1972;2.182.908;Americas;55.2;4688.59;;;;;
Nicaragua;1977;2.554.598;Americas;57.5;5486.37;;;;;
Nicaragua;1982;2.979.423;Americas;59.3;3470.34;;;;;
Nicaragua;1987;3.344.353;Americas;62.0;2955.98;;;;;
Nicaragua;1992;4.017.939;Americas;65.8;2170.15;0.0;0.0;0.0;565.0;0.0
Nicaragua;1997;4.609.572;Americas;68.4;2253.02;0.0;0.0;0.0;0.0;0.0
Nicaragua;2002;5.146.848;Americas;70.8;2474.55;0.0;0.0;0.0;0.0;0.0
Nicaragua;2007;5.675.356;Americas;72.9;2749.32;0.0;0.0;0.0;0.0;0.0
Niger;1952;3.379.468;Africa;37.4;761.88;;;;;
Niger;1957;3.692.184;Africa;38.6;835.52;;;;;
Niger;1962;4.076.008;Africa;39.5;997.77;;;;;
Niger;1967;4.534.062;Africa;40.1;1054.38;;;;;
Niger;1972;5.060.262;Africa;40.5;954.21;;;;;
Niger;1977;5.682.086;Africa;41.3;808.9;;;;;
Niger;1982;6.437.188;Africa;42.6;909.72;;;;;
Niger;1987;7.332.638;Africa;44.6;668.3;;;;;
Niger;1992;8.392.818;Africa;47.4;581.18;370.0;0.0;0.0;69.0;0.0
Niger;1997;9.666.252;Africa;51.3;580.31;31.0;12.0;0.0;146.0;0.0
Niger;2002;11.140.655;Africa;54.5;601.07;147.0;0.0;0.0;0.0;0.0
Niger;2007;12.894.865;Africa;56.9;619.68;0.0;0.0;0.0;85.0;0.0
Nigeria;1952;33.119.096;Africa;36.3;1077.28;;;;;
Nigeria;1957;37.173.340;Africa;37.8;1100.59;;;;;
Nigeria;1962;41.871.351;Africa;39.4;1150.93;;;;;
Nigeria;1967;47.287.752;Africa;41.0;1014.51;;;;;
Nigeria;1972;53.740.085;Africa;42.8;1698.39;;;;;
Nigeria;1977;62.209.173;Africa;44.5;1981.95;;;;;
Nigeria;1982;73.039.376;Africa;45.8;1576.97;;;;;
Nigeria;1987;81.551.520;Africa;46.9;1385.03;;;;;
Nigeria;1992;93.364.244;Africa;47.5;1619.85;80.0;1322.0;0.0;0.0;0.0
Nigeria;1997;106.207.839;Africa;47.5;1624.94;56.0;1847.0;0.0;0.0;0.0
Nigeria;2002;119.901.274;Africa;46.6;1615.29;3057.0;5817.0;0.0;0.0;0.0
Nigeria;2007;135.031.164;Africa;46.9;2013.98;133.0;2692.0;0.0;151.0;0.0
Norway;1952;3.327.728;Europe;72.7;10095.42;;;;;
Norway;1957;3.491.938;Europe;73.4;11653.97;;;;;
Norway;1962;3.638.919;Europe;73.5;13450.4;;;;;
Norway;1967;3.786.019;Europe;74.1;16361.88;;;;;
Norway;1972;3.933.004;Europe;74.3;18965.06;;;;;
Norway;1977;4.043.205;Europe;75.4;23311.35;;;;;
Norway;1982;4.114.787;Europe;76.0;26298.64;;;;;
Norway;1987;4.186.147;Europe;75.9;31540.97;;;;;
Norway;1992;4.286.357;Europe;77.3;33965.66;0.0;0.0;0.0;0.0;0.0
Norway;1997;4.405.672;Europe;78.3;41283.16;0.0;0.0;0.0;0.0;0.0
Norway;2002;4.535.591;Europe;79.0;44683.98;0.0;0.0;0.0;0.0;0.0
Norway;2007;4.627.926;Europe;80.2;49357.19;0.0;0.0;0.0;0.0;0.0
Oman;1952;507.833;Asia;37.6;1828.23;;;;;
Oman;1957;561.977;Asia;40.1;2242.75;;;;;
Oman;1962;628.164;Asia;43.2;2924.64;;;;;
Oman;1967;714.775;Asia;47.0;4720.94;;;;;
Oman;1972;829.050;Asia;52.1;10618.04;;;;;
Oman;1977;1.004.533;Asia;57.4;11848.34;;;;;
Oman;1982;1.301.048;Asia;62.7;12954.79;;;;;
Oman;1987;1.593.882;Asia;67.7;18115.22;;;;;
Oman;1992;1.915.208;Asia;71.2;18616.71;0.0;0.0;0.0;0.0;0.0
Oman;1997;2.283.635;Asia;72.5;19702.06;0.0;0.0;0.0;0.0;0.0
Oman;2002;2.713.462;Asia;74.2;19774.84;0.0;0.0;0.0;0.0;0.0
Oman;2007;3.204.897;Asia;75.6;22316.19;0.0;0.0;0.0;0.0;0.0
Pakistan;1952;41.346.560;Asia;43.4;684.6;;;;;
Pakistan;1957;46.679.944;Asia;45.6;747.08;;;;;
Pakistan;1962;53.100.671;Asia;47.7;803.34;;;;;
Pakistan;1967;60.641.899;Asia;49.8;942.41;;;;;
Pakistan;1972;69.325.921;Asia;51.9;1049.94;;;;;
Pakistan;1977;78.152.686;Asia;54.0;1175.92;;;;;
Pakistan;1982;91.462.088;Asia;56.2;1443.43;;;;;
Pakistan;1987;105.186.881;Asia;58.2;1704.69;;;;;
Pakistan;1992;120.065.004;Asia;60.8;1971.83;0.0;470.0;0.0;70.0;30.0
Pakistan;1997;135.564.834;Asia;61.8;2049.35;0.0;235.0;0.0;149.0;88.0
Pakistan;2002;153.403.524;Asia;63.6;2092.71;51.0;38.0;0.0;87.0;329.0
Pakistan;2007;169.270.617;Asia;65.5;2605.95;194.0;540.0;0.0;1750.0;171.0
Panama;1952;940.080;Americas;55.2;2480.38;;;;;
Panama;1957;1.063.506;Americas;59.2;2961.8;;;;;
Panama;1962;1.215.725;Americas;61.8;3536.54;;;;;
Panama;1967;1.405.486;Americas;64.1;4421.01;;;;;
Panama;1972;1.616.384;Americas;66.2;5364.25;;;;;
Panama;1977;1.839.782;Americas;68.7;5351.91;;;;;
Panama;1982;2.036.305;Americas;70.5;7009.6;;;;;
Panama;1987;2.253.639;Americas;71.5;7034.78;;;;;
Panama;1992;2.484.997;Americas;72.5;6618.74;0.0;0.0;0.0;77.0;843.0
Panama;1997;2.734.531;Americas;73.7;7113.69;0.0;0.0;0.0;0.0;0.0
Panama;2002;2.990.875;Americas;74.7;7356.03;0.0;0.0;0.0;0.0;0.0
Panama;2007;3.242.173;Americas;75.5;9809.19;0.0;0.0;0.0;0.0;0.0
Paraguay;1952;1.555.876;Americas;62.6;1952.31;;;;;
Paraguay;1957;1.770.902;Americas;63.2;2046.15;;;;;
Paraguay;1962;2.009.813;Americas;64.4;2148.03;;;;;
Paraguay;1967;2.287.985;Americas;65.0;2299.38;;;;;
Paraguay;1972;2.614.104;Americas;65.8;2523.34;;;;;
Paraguay;1977;2.984.494;Americas;66.4;3248.37;;;;;
Paraguay;1982;3.366.439;Americas;66.9;4258.5;;;;;
Paraguay;1987;3.886.512;Americas;67.4;3998.88;;;;;
Paraguay;1992;4.483.945;Americas;68.2;4196.41;0.0;0.0;0.0;150.0;0.0
Paraguay;1997;5.154.123;Americas;69.4;4247.4;0.0;0.0;0.0;0.0;0.0
Paraguay;2002;5.884.491;Americas;70.8;3783.67;0.0;0.0;0.0;0.0;0.0
Paraguay;2007;6.667.147;Americas;71.8;4172.84;0.0;0.0;0.0;0.0;0.0
Peru;1952;8.025.700;Americas;43.9;3758.52;;;;;
Peru;1957;9.146.100;Americas;46.3;4245.26;;;;;
Peru;1962;10.516.500;Americas;49.1;4957.04;;;;;
Peru;1967;12.132.200;Americas;51.4;5788.09;;;;;
Peru;1972;13.954.700;Americas;55.4;5937.83;;;;;
Peru;1977;15.990.099;Americas;58.4;6281.29;;;;;
Peru;1982;18.125.129;Americas;61.4;6434.5;;;;;
Peru;1987;20.195.924;Americas;64.1;6360.94;;;;;
Peru;1992;22.430.449;Americas;66.5;4446.38;498.0;50.0;0.0;5106.0;0.0
Peru;1997;24.748.122;Americas;68.4;5838.35;179.0;0.0;0.0;1276.0;88.0
Peru;2002;26.769.436;Americas;69.9;5909.02;0.0;0.0;0.0;100.0;0.0
Peru;2007;28.674.757;Americas;71.4;7408.91;0.0;0.0;0.0;32.0;0.0
Philippines;1952;22.438.691;Asia;47.8;1272.88;;;;;
Philippines;1957;26.072.194;Asia;51.3;1547.94;;;;;
Philippines;1962;30.325.264;Asia;54.8;1649.55;;;;;
Philippines;1967;35.356.600;Asia;56.4;1814.13;;;;;
Philippines;1972;40.850.141;Asia;58.1;1989.37;;;;;
Philippines;1977;46.850.962;Asia;60.1;2373.2;;;;;
Philippines;1982;53.456.774;Asia;62.1;2603.27;;;;;
Philippines;1987;60.017.788;Asia;64.2;2189.63;;;;;
Philippines;1992;67.185.766;Asia;66.5;2279.32;65.0;0.0;0.0;4197.0;1.0
Philippines;1997;75.012.988;Asia;68.6;2536.53;25.0;43.0;0.0;1152.0;0.0
Philippines;2002;82.995.088;Asia;70.3;2650.92;243.0;30.0;0.0;3522.0;0.0
Philippines;2007;91.077.287;Asia;71.7;3190.48;228.0;25.0;0.0;2659.0;0.0
Poland;1952;25.730.551;Europe;61.3;4029.33;;;;;
Poland;1957;28.235.346;Europe;65.8;4734.25;;;;;
Poland;1962;30.329.617;Europe;67.6;5338.75;;;;;
Poland;1967;31.785.378;Europe;69.6;6557.15;;;;;
Poland;1972;33.039.545;Europe;70.8;8006.51;;;;;
Poland;1977;34.621.254;Europe;70.7;9508.14;;;;;
Poland;1982;36.227.381;Europe;71.3;8451.53;;;;;
Poland;1987;37.740.710;Europe;71.0;9082.35;;;;;
Poland;1992;38.370.697;Europe;71.0;7738.88;0.0;0.0;0.0;0.0;0.0
Poland;1997;38.654.957;Europe;72.8;10159.58;0.0;0.0;0.0;0.0;0.0
Poland;2002;38.625.976;Europe;74.7;12002.24;0.0;0.0;0.0;0.0;0.0
Poland;2007;38.518.241;Europe;75.6;15389.92;0.0;0.0;0.0;0.0;0.0
Portugal;1952;8.526.050;Europe;59.8;3068.32;;;;;
Portugal;1957;8.817.650;Europe;61.5;3774.57;;;;;
Portugal;1962;9.019.800;Europe;64.4;4727.95;;;;;
Portugal;1967;9.103.000;Europe;66.6;6361.52;;;;;
Portugal;1972;8.970.450;Europe;69.3;9022.25;;;;;
Portugal;1977;9.662.600;Europe;70.4;10172.49;;;;;
Portugal;1982;9.859.650;Europe;72.8;11753.84;;;;;
Portugal;1987;9.915.289;Europe;74.1;13039.31;;;;;
Portugal;1992;9.927.680;Europe;74.9;16207.27;0.0;0.0;0.0;0.0;0.0
Portugal;1997;10.156.415;Europe;76.0;17641.03;0.0;0.0;0.0;0.0;0.0
Portugal;2002;10.433.867;Europe;77.3;19970.91;0.0;0.0;0.0;0.0;0.0
Portugal;2007;10.642.836;Europe;78.1;20509.65;0.0;0.0;0.0;0.0;0.0
Puerto Rico;1952;2.227.000;Americas;64.3;3081.96;;;;;
Puerto Rico;1957;2.260.000;Americas;68.5;3907.16;;;;;
Puerto Rico;1962;2.448.046;Americas;69.6;5108.34;;;;;
Puerto Rico;1967;2.648.961;Americas;71.1;6929.28;;;;;
Puerto Rico;1972;2.847.132;Americas;72.2;9123.04;;;;;
Puerto Rico;1977;3.080.828;Americas;73.4;9770.52;;;;;
Puerto Rico;1982;3.279.001;Americas;73.8;10330.99;;;;;
Puerto Rico;1987;3.444.468;Americas;74.6;12281.34;;;;;
Puerto Rico;1992;3.585.176;Americas;73.9;14641.59;;;;;
Puerto Rico;1997;3.759.430;Americas;74.9;16999.43;;;;;
Puerto Rico;2002;3.859.606;Americas;77.8;18855.61;;;;;
Puerto Rico;2007;3.942.491;Americas;78.7;19328.71;;;;;
Reunion;1952;257.700;Africa;52.7;2718.89;;;;;
Reunion;1957;308.700;Africa;55.1;2769.45;;;;;
Reunion;1962;358.900;Africa;57.7;3173.72;;;;;
Reunion;1967;414.024;Africa;60.5;4021.18;;;;;
Reunion;1972;461.633;Africa;64.3;5047.66;;;;;
Reunion;1977;492.095;Africa;67.1;4319.8;;;;;
Reunion;1982;517.810;Africa;69.9;5267.22;;;;;
Reunion;1987;562.035;Africa;71.9;5303.38;;;;;
Reunion;1992;622.191;Africa;73.6;6101.26;;;;;
Reunion;1997;684.810;Africa;74.8;6071.94;;;;;
Reunion;2002;743.981;Africa;75.7;6316.17;;;;;
Reunion;2007;798.094;Africa;76.4;7670.12;;;;;
Romania;1952;16.630.000;Europe;61.0;3144.61;;;;;
Romania;1957;17.829.327;Europe;64.1;3943.37;;;;;
Romania;1962;18.680.721;Europe;66.8;4735.0;;;;;
Romania;1967;19.284.814;Europe;66.8;6470.87;;;;;
Romania;1972;20.662.648;Europe;69.2;8011.41;;;;;
Romania;1977;21.658.597;Europe;69.5;9356.4;;;;;
Romania;1982;22.356.726;Europe;69.7;9605.31;;;;;
Romania;1987;22.686.371;Europe;69.5;9696.27;;;;;
Romania;1992;22.797.027;Europe;69.4;6598.41;199.0;0.0;0.0;249.0;0.0
Romania;1997;22.562.458;Europe;69.7;7346.55;0.0;0.0;0.0;0.0;0.0
Romania;2002;22.404.337;Europe;71.3;7885.36;0.0;0.0;0.0;0.0;0.0
Romania;2007;22.276.056;Europe;72.5;10808.48;0.0;0.0;0.0;0.0;0.0
Rwanda;1952;2.534.927;Africa;40.0;493.32;;;;;
Rwanda;1957;2.822.082;Africa;41.5;540.29;;;;;
Rwanda;1962;3.051.242;Africa;43.0;597.47;;;;;
Rwanda;1967;3.451.079;Africa;44.1;510.96;;;;;
Rwanda;1972;3.992.121;Africa;44.6;590.58;;;;;
Rwanda;1977;4.657.072;Africa;45.0;670.08;;;;;
Rwanda;1982;5.507.565;Africa;46.2;881.57;;;;;
Rwanda;1987;6.349.365;Africa;44.0;847.99;;;;;
Rwanda;1992;7.290.203;Africa;23.6;737.07;3013.0;0.0;0.0;1366.0;0.0
Rwanda;1997;7.212.583;Africa;36.1;589.94;782261.0;92.0;0.0;3344.0;0.0
Rwanda;2002;7.852.401;Africa;43.4;785.65;708.0;0.0;0.0;3139.0;0.0
Rwanda;2007;8.860.588;Africa;46.2;863.09;0.0;0.0;0.0;0.0;0.0
Sao Tome and Principe;1952;60.011;Africa;46.5;879.58;;;;;
Sao Tome and Principe;1957;61.325;Africa;48.9;860.74;;;;;
Sao Tome and Principe;1962;65.345;Africa;51.9;1071.55;;;;;
Sao Tome and Principe;1967;70.787;Africa;54.4;1384.84;;;;;
Sao Tome and Principe;1972;76.595;Africa;56.5;1532.99;;;;;
Sao Tome and Principe;1977;86.796;Africa;58.6;1737.56;;;;;
Sao Tome and Principe;1982;98.593;Africa;60.4;1890.22;;;;;
Sao Tome and Principe;1987;110.812;Africa;61.7;1516.53;;;;;
Sao Tome and Principe;1992;125.911;Africa;62.7;1428.78;0.0;0.0;0.0;0.0;0.0
Sao Tome and Principe;1997;145.608;Africa;63.3;1339.08;0.0;0.0;0.0;0.0;0.0
Sao Tome and Principe;2002;170.372;Africa;64.3;1353.09;0.0;0.0;0.0;0.0;0.0
Sao Tome and Principe;2007;199.579;Africa;65.5;1598.44;0.0;0.0;0.0;0.0;0.0
Saudi Arabia;1952;4.005.677;Asia;39.9;6459.55;;;;;
Saudi Arabia;1957;4.419.650;Asia;42.9;8157.59;;;;;
Saudi Arabia;1962;4.943.029;Asia;45.9;11626.42;;;;;
Saudi Arabia;1967;5.618.198;Asia;49.9;16903.05;;;;;
Saudi Arabia;1972;6.472.756;Asia;53.9;24837.43;;;;;
Saudi Arabia;1977;8.128.505;Asia;58.7;34167.76;;;;;
Saudi Arabia;1982;11.254.672;Asia;63.0;33693.18;;;;;
Saudi Arabia;1987;14.619.745;Asia;66.3;21198.26;;;;;
Saudi Arabia;1992;16.945.857;Asia;68.8;24841.62;0.0;0.0;0.0;0.0;96.0
Saudi Arabia;1997;21.229.759;Asia;70.5;20586.69;0.0;0.0;0.0;0.0;0.0
Saudi Arabia;2002;24.501.530;Asia;71.6;19014.54;0.0;0.0;0.0;0.0;0.0
Saudi Arabia;2007;27.601.038;Asia;72.8;21654.83;59.0;0.0;0.0;102.0;0.0
Senegal;1952;2.755.589;Africa;37.3;1450.36;;;;;
Senegal;1957;3.054.547;Africa;39.3;1567.65;;;;;
Senegal;1962;3.430.243;Africa;41.5;1654.99;;;;;
Senegal;1967;3.965.841;Africa;43.6;1612.4;;;;;
Senegal;1972;4.588.696;Africa;45.8;1597.71;;;;;
Senegal;1977;5.260.855;Africa;48.9;1561.77;;;;;
Senegal;1982;6.147.783;Africa;52.4;1518.48;;;;;
Senegal;1987;7.171.347;Africa;55.8;1441.72;;;;;
Senegal;1992;8.307.920;Africa;58.2;1367.9;62.0;119.0;0.0;134.0;0.0
Senegal;1997;9.535.314;Africa;60.2;1392.37;88.0;0.0;0.0;851.0;0.0
Senegal;2002;10.870.037;Africa;61.6;1519.64;119.0;0.0;0.0;322.0;0.0
Senegal;2007;12.267.493;Africa;63.1;1712.47;45.0;124.0;0.0;39.0;0.0
Serbia;1952;6.860.147;Europe;58.0;3581.46;;;;;
Serbia;1957;7.271.135;Europe;61.7;4981.09;;;;;
Serbia;1962;7.616.060;Europe;64.5;6289.63;;;;;
Serbia;1967;7.971.222;Europe;66.9;7991.71;;;;;
Serbia;1972;8.313.288;Europe;68.7;10522.07;;;;;
Serbia;1977;8.686.367;Europe;70.3;12980.67;;;;;
Serbia;1982;9.032.824;Europe;70.2;15181.09;;;;;
Serbia;1987;9.230.783;Europe;71.2;15870.88;;;;;
Serbia;1992;9.826.397;Europe;71.7;9325.07;0.0;0.0;0.0;32.0;0.0
Serbia;1997;10.336.594;Europe;72.2;7914.32;0.0;0.0;0.0;0.0;0.0
Serbia;2002;10.111.559;Europe;73.2;7236.08;2.0;0.0;0.0;859.0;0.0
Serbia;2007;10.150.265;Europe;74.0;9786.53;0.0;0.0;0.0;0.0;0.0
Sierra Leone;1952;2.143.249;Africa;30.3;879.79;;;;;
Sierra Leone;1957;2.295.678;Africa;31.6;1004.48;;;;;
Sierra Leone;1962;2.467.895;Africa;32.8;1116.64;;;;;
Sierra Leone;1967;2.662.190;Africa;34.1;1206.04;;;;;
Sierra Leone;1972;2.879.013;Africa;35.4;1353.76;;;;;
Sierra Leone;1977;3.140.897;Africa;36.8;1348.29;;;;;
Sierra Leone;1982;3.464.522;Africa;38.4;1465.01;;;;;
Sierra Leone;1987;3.868.905;Africa;40.0;1294.45;;;;;
Sierra Leone;1992;4.260.884;Africa;38.3;1068.7;963.0;7.0;0.0;770.0;0.0
Sierra Leone;1997;4.578.212;Africa;39.9;574.65;4167.0;46.0;0.0;3828.0;0.0
Sierra Leone;2002;5.359.092;Africa;41.0;699.49;3674.0;0.0;0.0;6872.0;0.0
Sierra Leone;2007;6.144.562;Africa;42.6;862.54;0.0;0.0;0.0;0.0;0.0
Singapore;1952;1.127.000;Asia;60.4;2315.14;;;;;
Singapore;1957;1.445.929;Asia;63.2;2843.1;;;;;
Singapore;1962;1.750.200;Asia;65.8;3674.74;;;;;
Singapore;1967;1.977.600;Asia;67.9;4977.42;;;;;
Singapore;1972;2.152.400;Asia;69.5;8597.76;;;;;
Singapore;1977;2.325.300;Asia;70.8;11210.09;;;;;
Singapore;1982;2.651.869;Asia;71.8;15169.16;;;;;
Singapore;1987;2.794.552;Asia;73.6;18861.53;;;;;
Singapore;1992;3.235.865;Asia;75.8;24769.89;0.0;0.0;0.0;0.0;0.0
Singapore;1997;3.802.309;Asia;77.2;33519.48;0.0;0.0;0.0;0.0;0.0
Singapore;2002;4.197.776;Asia;78.8;36023.11;0.0;0.0;0.0;0.0;0.0
Singapore;2007;4.553.009;Asia;80.0;47143.18;0.0;0.0;0.0;0.0;0.0
Slovak Republic;1952;3.558.137;Europe;64.4;5074.66;;;;;
Slovak Republic;1957;3.844.277;Europe;67.4;6093.26;;;;;
Slovak Republic;1962;4.237.384;Europe;70.3;7481.11;;;;;
Slovak Republic;1967;4.442.238;Europe;71.0;8412.9;;;;;
Slovak Republic;1972;4.593.433;Europe;70.4;9674.17;;;;;
Slovak Republic;1977;4.827.803;Europe;70.4;10922.66;;;;;
Slovak Republic;1982;5.048.043;Europe;70.8;11348.55;;;;;
Slovak Republic;1987;5.199.318;Europe;71.1;12037.27;;;;;
Slovak Republic;1992;5.302.888;Europe;71.4;9498.47;;;;;
Slovak Republic;1997;5.383.010;Europe;72.7;12126.23;;;;;
Slovak Republic;2002;5.410.052;Europe;73.8;13638.78;;;;;
Slovak Republic;2007;5.447.502;Europe;74.7;18678.31;;;;;
Slovenia;1952;1.489.518;Europe;65.6;4215.04;;;;;
Slovenia;1957;1.533.070;Europe;67.8;5862.28;;;;;
Slovenia;1962;1.582.962;Europe;69.2;7402.3;;;;;
Slovenia;1967;1.646.912;Europe;69.2;9405.49;;;;;
Slovenia;1972;1.694.510;Europe;69.8;12383.49;;;;;
Slovenia;1977;1.746.919;Europe;71.0;15277.03;;;;;
Slovenia;1982;1.861.252;Europe;71.1;17866.72;;;;;
Slovenia;1987;1.945.870;Europe;72.2;18678.53;;;;;
Slovenia;1992;1.999.210;Europe;73.6;14214.72;0.0;0.0;0.0;64.0;0.0
Slovenia;1997;2.011.612;Europe;75.1;17161.11;0.0;0.0;0.0;0.0;0.0
Slovenia;2002;2.011.497;Europe;76.7;20660.02;0.0;0.0;0.0;0.0;0.0
Slovenia;2007;2.009.245;Europe;77.9;25768.26;0.0;0.0;0.0;0.0;0.0
Somalia;1952;2.526.994;Africa;33.0;1135.75;;;;;
Somalia;1957;2.780.415;Africa;35.0;1258.15;;;;;
Somalia;1962;3.080.153;Africa;37.0;1369.49;;;;;
Somalia;1967;3.428.839;Africa;39.0;1284.73;;;;;
Somalia;1972;3.840.161;Africa;41.0;1254.58;;;;;
Somalia;1977;4.353.666;Africa;42.0;1450.99;;;;;
Somalia;1982;5.828.892;Africa;43.0;1176.81;;;;;
Somalia;1987;6.921.858;Africa;44.5;1093.24;;;;;
Somalia;1992;6.099.799;Africa;39.7;926.96;1228.0;3535.0;0.0;12182.0;0.0
Somalia;1997;6.633.514;Africa;43.8;930.6;0.0;1947.0;0.0;806.0;0.0
Somalia;2002;7.753.310;Africa;45.9;882.08;37.0;1695.0;0.0;342.0;0.0
Somalia;2007;9.118.773;Africa;48.2;926.14;9.0;2029.0;0.0;2122.0;0.0
South Africa;1952;14.264.935;Africa;45.0;4725.3;;;;;
South Africa;1957;16.151.549;Africa;48.0;5487.1;;;;;
South Africa;1962;18.356.657;Africa;50.0;5768.73;;;;;
South Africa;1967;20.997.321;Africa;51.9;7114.48;;;;;
South Africa;1972;23.935.810;Africa;53.7;7765.96;;;;;
South Africa;1977;27.129.932;Africa;55.5;8028.65;;;;;
South Africa;1982;31.140.029;Africa;58.2;8568.27;;;;;
South Africa;1987;35.933.379;Africa;60.8;7825.82;;;;;
South Africa;1992;39.964.159;Africa;61.9;7225.07;355.0;2764.0;0.0;0.0;0.0
South Africa;1997;42.835.005;Africa;60.2;7479.19;273.0;1424.0;0.0;0.0;0.0
South Africa;2002;44.433.622;Africa;53.4;7710.95;0.0;29.0;0.0;0.0;0.0
South Africa;2007;43.997.828;Africa;49.3;9269.66;0.0;0.0;0.0;0.0;0.0
Spain;1952;28.549.870;Europe;64.9;3834.03;;;;;
Spain;1957;29.841.614;Europe;66.7;4564.8;;;;;
Spain;1962;31.158.061;Europe;69.7;5693.84;;;;;
Spain;1967;32.850.275;Europe;71.4;7993.51;;;;;
Spain;1972;34.513.161;Europe;73.1;10638.75;;;;;
Spain;1977;36.439.000;Europe;74.4;13236.92;;;;;
Spain;1982;37.983.310;Europe;76.3;13926.17;;;;;
Spain;1987;38.880.702;Europe;76.9;15764.98;;;;;
Spain;1992;39.549.438;Europe;77.6;18603.06;0.0;0.0;0.0;45.0;0.0
Spain;1997;39.855.442;Europe;78.8;20445.3;0.0;0.0;0.0;0.0;0.0
Spain;2002;40.152.517;Europe;79.8;24835.47;0.0;0.0;0.0;0.0;0.0
Spain;2007;40.448.191;Europe;80.9;28821.06;191.0;0.0;0.0;0.0;0.0
Sri Lanka;1952;7.982.342;Asia;57.6;1083.53;;;;;
Sri Lanka;1957;9.128.546;Asia;61.5;1072.55;;;;;
Sri Lanka;1962;10.421.936;Asia;62.2;1074.47;;;;;
Sri Lanka;1967;11.737.396;Asia;64.3;1135.51;;;;;
Sri Lanka;1972;13.016.733;Asia;65.0;1213.4;;;;;
Sri Lanka;1977;14.116.836;Asia;65.9;1348.78;;;;;
Sri Lanka;1982;15.410.151;Asia;68.8;1648.08;;;;;
Sri Lanka;1987;16.495.304;Asia;69.0;1876.77;;;;;
Sri Lanka;1992;17.587.060;Asia;70.4;2153.74;2168.0;351.0;0.0;14678.0;0.0
Sri Lanka;1997;18.698.655;Asia;70.5;2664.48;451.0;29.0;0.0;14235.0;0.0
Sri Lanka;2002;19.576.783;Asia;70.8;3015.38;157.0;0.0;0.0;9313.0;0.0
Sri Lanka;2007;20.378.239;Asia;72.4;3970.1;152.0;187.0;0.0;4551.0;0.0
Sudan;1952;8.504.667;Africa;38.6;1615.99;;;;;
Sudan;1957;9.753.392;Africa;39.6;1770.34;;;;;
Sudan;1962;11.183.227;Africa;40.9;1959.59;;;;;
Sudan;1967;12.716.129;Africa;42.9;1688.0;;;;;
Sudan;1972;14.597.019;Africa;45.1;1659.65;;;;;
Sudan;1977;17.104.986;Africa;47.8;2202.99;;;;;
Sudan;1982;20.367.053;Africa;50.3;1895.54;;;;;
Sudan;1987;24.725.960;Africa;51.7;1507.82;;;;;
Sudan;1992;28.227.588;Africa;53.6;1492.2;2489.0;2000.0;0.0;1510.0;0.0
Sudan;1997;32.160.729;Africa;55.4;1632.21;741.0;309.0;0.0;1467.0;0.0
Sudan;2002;37.090.298;Africa;56.4;1993.4;467.0;523.0;0.0;5301.0;0.0
Sudan;2007;42.292.929;Africa;58.6;2602.39;9636.0;1450.0;0.0;6240.0;0.0
Swaziland;1952;290.243;Africa;41.4;1148.38;;;;;
Swaziland;1957;326.741;Africa;43.4;1244.71;;;;;
Swaziland;1962;370.006;Africa;45.0;1856.18;;;;;
Swaziland;1967;420.690;Africa;46.6;2613.1;;;;;
Swaziland;1972;480.105;Africa;49.6;3364.84;;;;;
Swaziland;1977;551.425;Africa;52.5;3781.41;;;;;
Swaziland;1982;649.901;Africa;55.6;3895.38;;;;;
Swaziland;1987;779.348;Africa;57.7;3984.84;;;;;
Swaziland;1992;962.344;Africa;58.5;3553.02;;;;;
Swaziland;1997;1.054.486;Africa;54.3;3876.77;;;;;
Swaziland;2002;1.130.269;Africa;43.9;4128.12;;;;;
Swaziland;2007;1.133.066;Africa;39.6;4513.48;;;;;
Sweden;1952;7.124.673;Europe;71.9;8527.84;;;;;
Sweden;1957;7.363.802;Europe;72.5;9911.88;;;;;
Sweden;1962;7.561.588;Europe;73.4;12329.44;;;;;
Sweden;1967;7.867.931;Europe;74.2;15258.3;;;;;
Sweden;1972;8.122.293;Europe;74.7;17832.02;;;;;
Sweden;1977;8.251.648;Europe;75.4;18855.73;;;;;
Sweden;1982;8.325.260;Europe;76.4;20667.38;;;;;
Sweden;1987;8.421.403;Europe;77.2;23586.93;;;;;
Sweden;1992;8.718.867;Europe;78.2;23880.02;0.0;0.0;0.0;0.0;0.0
Sweden;1997;8.897.619;Europe;79.4;25266.59;0.0;0.0;0.0;0.0;0.0
Sweden;2002;8.954.175;Europe;80.0;29341.63;0.0;0.0;0.0;0.0;0.0
Sweden;2007;9.031.088;Europe;80.9;33859.75;0.0;0.0;0.0;0.0;0.0
Switzerland;1952;4.815.000;Europe;69.6;14734.23;;;;;
Switzerland;1957;5.126.000;Europe;70.6;17909.49;;;;;
Switzerland;1962;5.666.000;Europe;71.3;20431.09;;;;;
Switzerland;1967;6.063.000;Europe;72.8;22966.14;;;;;
Switzerland;1972;6.401.400;Europe;73.8;27195.11;;;;;
Switzerland;1977;6.316.424;Europe;75.4;26982.29;;;;;
Switzerland;1982;6.468.126;Europe;76.2;28397.72;;;;;
Switzerland;1987;6.649.942;Europe;77.4;30281.7;;;;;
Switzerland;1992;6.995.447;Europe;78.0;31871.53;0.0;0.0;0.0;0.0;0.0
Switzerland;1997;7.193.761;Europe;79.4;32135.32;0.0;0.0;0.0;0.0;0.0
Switzerland;2002;7.361.757;Europe;80.6;34480.96;0.0;0.0;0.0;0.0;0.0
Switzerland;2007;7.554.661;Europe;81.7;37506.42;0.0;0.0;0.0;0.0;0.0
Syria;1952;3.661.549;Asia;45.9;1643.49;;;;;
Syria;1957;4.149.908;Asia;48.3;2117.23;;;;;
Syria;1962;4.834.621;Asia;50.3;2193.04;;;;;
Syria;1967;5.680.812;Asia;53.7;1881.92;;;;;
Syria;1972;6.701.172;Asia;57.3;2571.42;;;;;
Syria;1977;7.932.503;Asia;61.2;3195.48;;;;;
Syria;1982;9.410.494;Asia;64.6;3761.84;;;;;
Syria;1987;11.242.847;Asia;67.0;3116.77;;;;;
Syria;1992;13.219.062;Asia;69.2;3340.54;0.0;0.0;0.0;0.0;0.0
Syria;1997;15.081.016;Asia;71.5;4014.24;0.0;0.0;0.0;0.0;0.0
Syria;2002;17.155.814;Asia;73.1;4090.93;0.0;0.0;0.0;1.0;0.0
Syria;2007;19.314.747;Asia;74.1;4184.55;0.0;0.0;0.0;1.0;0.0
Taiwan;1952;8.550.362;Asia;58.5;1206.95;;;;;
Taiwan;1957;10.164.215;Asia;62.4;1507.86;;;;;
Taiwan;1962;11.918.938;Asia;65.2;1822.88;;;;;
Taiwan;1967;13.648.692;Asia;67.5;2643.86;;;;;
Taiwan;1972;15.226.039;Asia;69.4;4062.52;;;;;
Taiwan;1977;16.785.196;Asia;70.6;5596.52;;;;;
Taiwan;1982;18.501.390;Asia;72.2;7426.35;;;;;
Taiwan;1987;19.757.799;Asia;73.4;11054.56;;;;;
Taiwan;1992;20.686.918;Asia;74.3;15215.66;0.0;0.0;0.0;0.0;0.0
Taiwan;1997;21.628.605;Asia;75.2;20206.82;0.0;0.0;0.0;0.0;0.0
Taiwan;2002;22.454.239;Asia;77.0;23235.42;0.0;0.0;0.0;0.0;0.0
Taiwan;2007;23.174.294;Asia;78.4;28718.28;0.0;0.0;0.0;0.0;0.0
Tanzania;1952;8.322.925;Africa;41.2;716.65;;;;;
Tanzania;1957;9.452.826;Africa;43.0;698.54;;;;;
Tanzania;1962;10.863.958;Africa;44.2;722.0;;;;;
Tanzania;1967;12.607.312;Africa;45.8;848.22;;;;;
Tanzania;1972;14.706.593;Africa;47.6;915.99;;;;;
Tanzania;1977;17.129.565;Africa;49.9;962.49;;;;;
Tanzania;1982;19.844.382;Africa;50.6;874.24;;;;;
Tanzania;1987;23.040.630;Africa;51.5;831.82;;;;;
Tanzania;1992;26.605.473;Africa;50.4;825.68;0.0;0.0;0.0;0.0;0.0
Tanzania;1997;30.686.889;Africa;48.5;789.19;3.0;0.0;0.0;0.0;0.0
Tanzania;2002;34.593.779;Africa;49.7;899.07;37.0;0.0;0.0;4.0;0.0
Tanzania;2007;38.139.640;Africa;52.5;1107.48;3.0;0.0;0.0;0.0;0.0
Thailand;1952;21.289.402;Asia;50.8;757.8;;;;;
Thailand;1957;25.041.917;Asia;53.6;793.58;;;;;
Thailand;1962;29.263.397;Asia;56.1;1002.2;;;;;
Thailand;1967;34.024.249;Asia;58.3;1295.46;;;;;
Thailand;1972;39.276.153;Asia;60.4;1524.36;;;;;
Thailand;1977;44.148.285;Asia;62.5;1961.22;;;;;
Thailand;1982;48.827.160;Asia;64.6;2393.22;;;;;
Thailand;1987;52.910.342;Asia;66.1;2982.65;;;;;
Thailand;1992;56.667.095;Asia;67.3;4616.9;0.0;2.0;0.0;25.0;0.0
Thailand;1997;60.216.677;Asia;67.5;5852.63;5.0;7.0;0.0;0.0;0.0
Thailand;2002;62.806.748;Asia;68.6;5913.19;1.0;0.0;0.0;96.0;0.0
Thailand;2007;65.068.149;Asia;70.6;7458.4;1081.0;2.0;0.0;807.0;0.0
Togo;1952;1.219.113;Africa;38.6;859.81;;;;;
Togo;1957;1.357.445;Africa;41.2;925.91;;;;;
Togo;1962;1.528.098;Africa;43.9;1067.53;;;;;
Togo;1967;1.735.550;Africa;46.8;1477.6;;;;;
Togo;1972;2.056.351;Africa;49.8;1649.66;;;;;
Togo;1977;2.308.582;Africa;52.9;1532.78;;;;;
Togo;1982;2.644.765;Africa;55.5;1344.58;;;;;
Togo;1987;3.154.264;Africa;56.9;1202.2;;;;;
Togo;1992;3.747.553;Africa;58.1;1034.3;32.0;31.0;0.0;0.0;0.0
Togo;1997;4.320.890;Africa;58.4;982.29;48.0;0.0;0.0;0.0;0.0
Togo;2002;4.977.378;Africa;57.6;886.22;0.0;0.0;0.0;0.0;0.0
Togo;2007;5.701.579;Africa;58.4;882.97;436.0;0.0;0.0;0.0;0.0
Trinidad and Tobago;1952;662.850;Americas;59.1;3023.27;;;;;
Trinidad and Tobago;1957;764.900;Americas;61.8;4100.39;;;;;
Trinidad and Tobago;1962;887.498;Americas;64.9;4997.52;;;;;
Trinidad and Tobago;1967;960.155;Americas;65.4;5621.37;;;;;
Trinidad and Tobago;1972;975.199;Americas;65.9;6619.55;;;;;
Trinidad and Tobago;1977;1.039.009;Americas;68.3;7899.55;;;;;
Trinidad and Tobago;1982;1.116.479;Americas;68.8;9119.53;;;;;
Trinidad and Tobago;1987;1.191.336;Americas;69.6;7388.6;;;;;
Trinidad and Tobago;1992;1.183.669;Americas;69.9;7370.99;0.0;0.0;0.0;39.0;0.0
Trinidad and Tobago;1997;1.138.101;Americas;69.5;8792.57;0.0;0.0;0.0;0.0;0.0
Trinidad and Tobago;2002;1.101.832;Americas;69.0;11460.6;0.0;0.0;0.0;0.0;0.0
Trinidad and Tobago;2007;1.056.608;Americas;69.8;18008.51;0.0;0.0;0.0;0.0;0.0
Tunisia;1952;3.647.735;Africa;44.6;1468.48;;;;;
Tunisia;1957;3.950.849;Africa;47.1;1395.23;;;;;
Tunisia;1962;4.286.552;Africa;49.6;1660.3;;;;;
Tunisia;1967;4.786.986;Africa;52.1;1932.36;;;;;
Tunisia;1972;5.303.507;Africa;55.6;2753.29;;;;;
Tunisia;1977;6.005.061;Africa;59.8;3120.88;;;;;
Tunisia;1982;6.734.098;Africa;64.0;3560.23;;;;;
Tunisia;1987;7.724.976;Africa;66.9;3810.42;;;;;
Tunisia;1992;8.523.077;Africa;70.0;4332.72;0.0;0.0;0.0;0.0;0.0
Tunisia;1997;9.231.669;Africa;72.0;4876.8;0.0;0.0;0.0;0.0;0.0
Tunisia;2002;9.770.575;Africa;73.0;5722.9;21.0;0.0;0.0;0.0;0.0
Tunisia;2007;10.276.158;Africa;73.9;7092.92;0.0;0.0;0.0;0.0;0.0
Turkey;1952;22.235.677;Europe;43.6;1969.1;;;;;
Turkey;1957;25.670.939;Europe;48.1;2218.75;;;;;
Turkey;1962;29.788.695;Europe;52.1;2322.87;;;;;
Turkey;1967;33.411.317;Europe;54.3;2826.36;;;;;
Turkey;1972;37.492.953;Europe;57.0;3450.7;;;;;
Turkey;1977;42.404.033;Europe;59.5;4269.12;;;;;
Turkey;1982;47.328.791;Europe;61.0;4241.36;;;;;
Turkey;1987;52.881.328;Europe;63.1;5089.04;;;;;
Turkey;1992;58.179.144;Europe;66.1;5678.35;449.0;0.0;0.0;2991.0;0.0
Turkey;1997;63.047.647;Europe;68.8;6601.43;725.0;143.0;0.0;16116.0;0.0
Turkey;2002;67.308.928;Europe;70.8;6508.09;64.0;0.0;0.0;3406.0;0.0
Turkey;2007;71.158.647;Europe;71.8;8458.28;44.0;0.0;0.0;1299.0;0.0
Uganda;1952;5.824.797;Africa;40.0;734.75;;;;;
Uganda;1957;6.675.501;Africa;42.6;774.37;;;;;
Uganda;1962;7.688.797;Africa;45.3;767.27;;;;;
Uganda;1967;8.900.294;Africa;48.1;908.92;;;;;
Uganda;1972;10.190.285;Africa;51.0;950.74;;;;;
Uganda;1977;11.457.758;Africa;50.4;843.73;;;;;
Uganda;1982;12.939.400;Africa;49.8;682.27;;;;;
Uganda;1987;15.283.050;Africa;51.5;617.72;;;;;
Uganda;1992;18.252.190;Africa;48.8;644.17;370.0;0.0;0.0;2577.0;0.0
Uganda;1997;21.210.254;Africa;44.6;816.56;1472.0;0.0;0.0;2348.0;0.0
Uganda;2002;24.739.869;Africa;47.8;927.72;1391.0;1216.0;0.0;2283.0;0.0
Uganda;2007;29.170.398;Africa;51.5;1056.38;1651.0;441.0;0.0;2780.0;0.0
United Kingdom;1952;50.430.000;Europe;69.2;9979.51;;;;;
United Kingdom;1957;51.430.000;Europe;70.4;11283.18;;;;;
United Kingdom;1962;53.292.000;Europe;70.8;12477.18;;;;;
United Kingdom;1967;54.959.000;Europe;71.4;14142.85;;;;;
United Kingdom;1972;56.079.000;Europe;72.0;15895.12;;;;;
United Kingdom;1977;56.179.000;Europe;72.8;17428.75;;;;;
United Kingdom;1982;56.339.704;Europe;74.0;18232.42;;;;;
United Kingdom;1987;56.981.620;Europe;75.0;21664.79;;;;;
United Kingdom;1992;57.866.349;Europe;76.4;22705.09;0.0;0.0;0.0;102.0;0.0
United Kingdom;1997;58.808.266;Europe;77.2;26074.53;32.0;0.0;0.0;0.0;0.0
United Kingdom;2002;59.912.431;Europe;78.5;29479.0;0.0;0.0;0.0;29.0;0.0
United Kingdom;2007;60.776.238;Europe;79.4;33203.26;52.0;0.0;0.0;0.0;0.0
United States;1952;157.553.000;Americas;68.4;13990.48;;;;;
United States;1957;171.984.000;Americas;69.5;14847.13;;;;;
United States;1962;186.538.000;Americas;70.2;16173.15;;;;;
United States;1967;198.712.000;Americas;70.8;19530.37;;;;;
United States;1972;209.896.000;Americas;71.3;21806.04;;;;;
United States;1977;220.239.000;Americas;73.4;24072.63;;;;;
United States;1982;232.187.835;Americas;74.6;25009.56;;;;;
United States;1987;242.803.533;Americas;75.0;29884.35;;;;;
United States;1992;256.894.189;Americas;76.1;32003.93;0.0;0.0;0.0;0.0;0.0
United States;1997;272.911.760;Americas;76.8;35767.43;0.0;0.0;0.0;0.0;0.0
United States;2002;287.675.526;Americas;77.3;39097.1;2753.0;0.0;0.0;233.0;0.0
United States;2007;301.139.947;Americas;78.2;42951.65;0.0;0.0;0.0;0.0;0.0
Uruguay;1952;2.252.965;Americas;66.1;5716.77;;;;;
Uruguay;1957;2.424.959;Americas;67.0;6150.77;;;;;
Uruguay;1962;2.598.466;Americas;68.3;5603.36;;;;;
Uruguay;1967;2.748.579;Americas;68.5;5444.62;;;;;
Uruguay;1972;2.829.526;Americas;68.7;5703.41;;;;;
Uruguay;1977;2.873.520;Americas;69.5;6504.34;;;;;
Uruguay;1982;2.953.997;Americas;70.8;6920.22;;;;;
Uruguay;1987;3.045.153;Americas;71.9;7452.4;;;;;
Uruguay;1992;3.149.262;Americas;72.8;8137.0;0.0;0.0;0.0;0.0;0.0
Uruguay;1997;3.262.838;Americas;74.2;9230.24;0.0;0.0;0.0;0.0;0.0
Uruguay;2002;3.363.085;Americas;75.3;7727.0;0.0;0.0;0.0;0.0;0.0
Uruguay;2007;3.447.496;Americas;76.4;10611.46;0.0;0.0;0.0;0.0;0.0
Venezuela;1952;5.439.568;Americas;55.1;7689.8;;;;;
Venezuela;1957;6.702.668;Americas;57.9;9802.47;;;;;
Venezuela;1962;8.143.375;Americas;60.8;8422.97;;;;;
Venezuela;1967;9.709.552;Americas;63.5;9541.47;;;;;
Venezuela;1972;11.515.649;Americas;65.7;10505.26;;;;;
Venezuela;1977;13.503.563;Americas;67.5;13143.95;;;;;
Venezuela;1982;15.620.766;Americas;68.6;11152.41;;;;;
Venezuela;1987;17.910.182;Americas;70.2;9883.58;;;;;
Venezuela;1992;20.265.563;Americas;71.2;10733.93;231.0;0.0;0.0;144.0;0.0
Venezuela;1997;22.374.398;Americas;72.1;10165.5;159.0;157.0;0.0;0.0;0.0
Venezuela;2002;24.287.670;Americas;72.8;8605.05;137.0;0.0;0.0;10.0;0.0
Venezuela;2007;26.084.662;Americas;73.7;11415.81;87.0;0.0;0.0;3.0;0.0
Vietnam;1952;26.246.839;Asia;40.4;605.07;;;;;
Vietnam;1957;28.998.543;Asia;42.9;676.29;;;;;
Vietnam;1962;33.796.140;Asia;45.4;772.05;;;;;
Vietnam;1967;39.463.910;Asia;47.8;637.12;;;;;
Vietnam;1972;44.655.014;Asia;50.3;699.5;;;;;
Vietnam;1977;50.533.506;Asia;55.8;713.54;;;;;
Vietnam;1982;56.142.181;Asia;58.8;707.24;;;;;
Vietnam;1987;62.826.491;Asia;62.8;820.8;;;;;
Vietnam;1992;69.940.728;Asia;67.7;989.02;0.0;0.0;0.0;0.0;0.0
Vietnam;1997;76.048.996;Asia;70.7;1385.9;0.0;0.0;0.0;0.0;0.0
Vietnam;2002;80.908.147;Asia;73.0;1764.46;0.0;0.0;0.0;0.0;0.0
Vietnam;2007;85.262.356;Asia;74.2;2441.58;0.0;0.0;0.0;0.0;0.0
West Bank and Gaza;1952;1.030.585;Asia;43.2;1515.59;;;;;
West Bank and Gaza;1957;1.070.439;Asia;45.7;1827.07;;;;;
West Bank and Gaza;1962;1.133.134;Asia;48.1;2198.96;;;;;
West Bank and Gaza;1967;1.142.636;Asia;51.6;2649.72;;;;;
West Bank and Gaza;1972;1.089.572;Asia;56.5;3133.41;;;;;
West Bank and Gaza;1977;1.261.091;Asia;60.8;3682.83;;;;;
West Bank and Gaza;1982;1.425.876;Asia;64.4;4336.03;;;;;
West Bank and Gaza;1987;1.691.210;Asia;67.0;5107.2;;;;;
West Bank and Gaza;1992;2.104.779;Asia;69.7;6017.65;;;;;
West Bank and Gaza;1997;2.826.046;Asia;71.1;7110.67;;;;;
West Bank and Gaza;2002;3.389.578;Asia;72.4;4515.49;;;;;
West Bank and Gaza;2007;4.018.332;Asia;73.4;3025.35;;;;;
Yemen Rep.;1952;4.963.829;Asia;32.5;781.72;;;;;
Yemen Rep.;1957;5.498.090;Asia;34.0;804.83;;;;;
Yemen Rep.;1962;6.120.081;Asia;35.2;825.62;;;;;
Yemen Rep.;1967;6.740.785;Asia;37.0;862.44;;;;;
Yemen Rep.;1972;7.407.075;Asia;39.8;1265.05;;;;;
Yemen Rep.;1977;8.403.990;Asia;44.2;1829.77;;;;;
Yemen Rep.;1982;9.657.618;Asia;49.1;1977.56;;;;;
Yemen Rep.;1987;11.219.340;Asia;52.9;1971.74;;;;;
Yemen Rep.;1992;13.367.997;Asia;55.6;1879.5;;;;;
Yemen Rep.;1997;15.826.497;Asia;58.0;2117.48;;;;;
Yemen Rep.;2002;18.701.257;Asia;60.3;2234.82;;;;;
Yemen Rep.;2007;22.211.743;Asia;62.7;2280.77;;;;;
Zambia;1952;2.672.000;Africa;42.0;1147.39;;;;;
Zambia;1957;3.016.000;Africa;44.1;1311.96;;;;;
Zambia;1962;3.421.000;Africa;46.0;1452.73;;;;;
Zambia;1967;3.900.000;Africa;47.8;1777.08;;;;;
Zambia;1972;4.506.497;Africa;50.1;1773.5;;;;;
Zambia;1977;5.216.550;Africa;51.4;1588.69;;;;;
Zambia;1982;6.100.407;Africa;51.8;1408.68;;;;;
Zambia;1987;7.272.406;Africa;50.8;1213.32;;;;;
Zambia;1992;8.381.163;Africa;46.1;1210.88;126.0;0.0;0.0;0.0;0.0
Zambia;1997;9.417.789;Africa;40.2;1071.35;1.0;0.0;0.0;0.0;0.0
Zambia;2002;10.595.811;Africa;39.2;1071.61;37.0;0.0;0.0;0.0;0.0
Zambia;2007;11.746.035;Africa;42.4;1271.21;0.0;0.0;0.0;0.0;0.0
Zimbabwe;1952;3.080.907;Africa;48.5;406.88;;;;;
Zimbabwe;1957;3.646.340;Africa;50.5;518.76;;;;;
Zimbabwe;1962;4.277.736;Africa;52.4;527.27;;;;;
Zimbabwe;1967;4.995.432;Africa;54.0;569.8;;;;;
Zimbabwe;1972;5.861.135;Africa;55.6;799.36;;;;;
Zimbabwe;1977;6.642.107;Africa;57.7;685.59;;;;;
Zimbabwe;1982;7.636.524;Africa;60.4;788.86;;;;;
Zimbabwe;1987;9.216.418;Africa;62.4;706.16;;;;;
Zimbabwe;1992;10.704.340;Africa;60.4;693.42;51.0;0.0;0.0;0.0;0.0
Zimbabwe;1997;11.404.948;Africa;46.8;792.45;0.0;0.0;0.0;0.0;0.0
Zimbabwe;2002;11.926.563;Africa;40.0;672.04;0.0;0.0;0.0;0.0;0.0
Zimbabwe;2007;12.311.143;Africa;43.5;469.71;0.0;0.0;0.0;0.0;0.0
